filename,file_size,file_attributes,region_count,region_id,region_shape_attributes,region_attributes
0.png,428,"{""note"":""1"",""pitch"":""high"",""duration"":""4""}",0,0,{},{}
1.png,917,"{""note"":""3"",""pitch"":""high"",""duration"":""4""}",0,0,{},{}
2.png,780,"{""note"":""2"",""pitch"":""high"",""duration"":""4""}",0,0,{},{}
3.png,421,"{""note"":""1"",""pitch"":""high"",""duration"":""8""}",0,0,{},{}
4.png,710,"{""note"":""2"",""pitch"":""high"",""duration"":""8""}",0,0,{},{}
5.png,144,"{""note"":""|"",""pitch"":""normal"",""duration"":""0""}",0,0,{},{}
6.png,1053,"{""note"":""5"",""pitch"":""normal"",""duration"":""4""}",0,0,{},{}
7.png,786,"{""note"":""2"",""pitch"":""high"",""duration"":""4""}",0,0,{},{}
8.png,448,"{""note"":""1"",""pitch"":""high"",""duration"":""4""}",0,0,{},{}
9.png,868,"{""note"":""6"",""pitch"":""normal"",""duration"":""8""}",0,0,{},{}
10.png,713,"{""note"":""7"",""pitch"":""normal"",""duration"":""8""}",0,0,{},{}
11.png,161,"{""note"":""|"",""pitch"":""normal"",""duration"":""0""}",0,0,{},{}
12.png,428,"{""note"":""1"",""pitch"":""high"",""duration"":""4""}",0,0,{},{}
13.png,921,"{""note"":""3"",""pitch"":""high"",""duration"":""4""}",0,0,{},{}
14.png,797,"{""note"":""2"",""pitch"":""high"",""duration"":""4""}",0,0,{},{}
15.png,428,"{""note"":""1"",""pitch"":""high"",""duration"":""4""}",0,0,{},{}
16.png,144,"{""note"":""|"",""pitch"":""normal"",""duration"":""0""}",0,0,{},{}
17.png,920,"{""note"":""3"",""pitch"":""high"",""duration"":""4""}",0,0,{},{}
18.png,215,"{""note"":""line"",""pitch"":""normal"",""duration"":""0""}",0,0,{},{}
19.png,1006,"{""note"":""0"",""pitch"":""normal"",""duration"":""4""}",0,0,{},{}
20.png,918,"{""note"":""6"",""pitch"":""normal"",""duration"":""8""}",0,0,{},{}
21.png,669,"{""note"":""7"",""pitch"":""normal"",""duration"":""8""}",0,0,{},{}
22.png,144,"{""note"":""|"",""pitch"":""normal"",""duration"":""0""}",0,0,{},{}
23.png,464,"{""note"":""1"",""pitch"":""high"",""duration"":""4""}",0,0,{},{}
24.png,916,"{""note"":""3"",""pitch"":""high"",""duration"":""4""}",0,0,{},{}
25.png,810,"{""note"":""2"",""pitch"":""high"",""duration"":""4""}",0,0,{},{}
26.png,795,"{""note"":""5"",""pitch"":""high"",""duration"":""8""}",0,0,{},{}
27.png,720,"{""note"":""2"",""pitch"":""high"",""duration"":""8""}",0,0,{},{}
28.png,161,"{""note"":""|"",""pitch"":""normal"",""duration"":""0""}",0,0,{},{}
29.png,1073,"{""note"":""5"",""pitch"":""normal"",""duration"":""4""}",0,0,{},{}
30.png,442,"{""note"":""5"",""pitch"":""normal"",""duration"":""16""}",0,0,{},{}
31.png,653,"{""note"":""6"",""pitch"":""normal"",""duration"":""8""}",0,0,{},{}
32.png,678,"{""note"":""3"",""pitch"":""normal"",""duration"":""16""}",0,0,{},{}
33.png,819,"{""note"":""3"",""pitch"":""normal"",""duration"":""8""}",0,0,{},{}
34.png,389,"{""note"":""1"",""pitch"":""normal"",""duration"":""8""}",0,0,{},{}
35.png,641,"{""note"":""7"",""pitch"":""low"",""duration"":""8""}",0,0,{},{}
36.png,299,"{""note"":""1"",""pitch"":""normal"",""duration"":""16""}",0,0,{},{}
37.png,642,"{""note"":""5"",""pitch"":""normal"",""duration"":""16""}",0,0,{},{}
38.png,172,"{""note"":""|"",""pitch"":""normal"",""duration"":""0""}",0,0,{},{}
39.png,626,"{""note"":""5"",""pitch"":""normal"",""duration"":""4""}",0,0,{},{}
40.png,822,"{""note"":""dot"",""pitch"":""normal"",""duration"":""0""}",0,0,{},{}
41.png,938,"{""note"":""dot"",""pitch"":""normal"",""duration"":""0""}",0,0,{},{}
42.png,506,"{""note"":""5"",""pitch"":""normal"",""duration"":""16""}",0,0,{},{}
43.png,836,"{""note"":""5"",""pitch"":""normal"",""duration"":""8""}",0,0,{},{}
44.png,744,"{""note"":""4"",""pitch"":""normal"",""duration"":""8""}",0,0,{},{}
45.png,801,"{""note"":""6"",""pitch"":""low"",""duration"":""8""}",0,0,{},{}
46.png,623,"{""note"":""7"",""pitch"":""low"",""duration"":""8""}",0,0,{},{}
47.png,172,"{""note"":""|"",""pitch"":""normal"",""duration"":""0""}",0,0,{},{}
48.png,218,"{""note"":""1"",""pitch"":""normal"",""duration"":""4""}",0,0,{},{}
49.png,246,"{""note"":""line"",""pitch"":""normal"",""duration"":""0""}",0,0,{},{}
50.png,911,"{""note"":""0"",""pitch"":""normal"",""duration"":""4""}",0,0,{},{}
51.png,745,"{""note"":""0"",""pitch"":""normal"",""duration"":""8""}",0,0,{},{}
52.png,800,"{""note"":""5"",""pitch"":""low"",""duration"":""8""}",0,0,{},{}
53.png,179,"{""note"":""|"",""pitch"":""normal"",""duration"":""0""}",0,0,{},{}
54.png,218,"{""note"":""1"",""pitch"":""normal"",""duration"":""4""}",0,0,{},{}
55.png,246,"{""note"":""line"",""pitch"":""normal"",""duration"":""0""}",0,0,{},{}
56.png,903,"{""note"":""0"",""pitch"":""normal"",""duration"":""4""}",0,0,{},{}
57.png,854,"{""note"":""6"",""pitch"":""normal"",""duration"":""8""}",0,0,{},{}
58.png,661,"{""note"":""7"",""pitch"":""normal"",""duration"":""8""}",0,0,{},{}
59.png,157,"{""note"":""|"",""pitch"":""normal"",""duration"":""0""}",0,0,{},{}
60.png,997,"{""note"":""6"",""pitch"":""normal"",""duration"":""4""}",0,0,{},{}
61.png,780,"{""note"":""6"",""pitch"":""normal"",""duration"":""8""}",0,0,{},{}
62.png,414,"{""note"":""1"",""pitch"":""high"",""duration"":""8""}",0,0,{},{}
63.png,566,"{""note"":""7"",""pitch"":""normal"",""duration"":""8""}",0,0,{},{}
64.png,692,"{""note"":""5"",""pitch"":""normal"",""duration"":""8""}",0,0,{},{}
65.png,418,"{""note"":""1"",""pitch"":""high"",""duration"":""8""}",0,0,{},{}
66.png,714,"{""note"":""2"",""pitch"":""high"",""duration"":""8""}",0,0,{},{}
67.png,172,"{""note"":""|"",""pitch"":""normal"",""duration"":""0""}",0,0,{},{}
68.png,685,"{""note"":""2"",""pitch"":""high"",""duration"":""8""}",0,0,{},{}
69.png,708,"{""note"":""3"",""pitch"":""high"",""duration"":""8""}",0,0,{},{}
70.png,797,"{""note"":""3"",""pitch"":""high"",""duration"":""4""}",0,0,{},{}
71.png,184,"{""note"":""line"",""pitch"":""normal"",""duration"":""0""}",0,0,{},{}
72.png,667,"{""note"":""5"",""pitch"":""high"",""duration"":""8""}",0,0,{},{}
73.png,753,"{""note"":""3"",""pitch"":""normal"",""duration"":""8""}",0,0,{},{}
74.png,163,"{""note"":""|"",""pitch"":""normal"",""duration"":""0""}",0,0,{},{}
75.png,773,"{""note"":""3"",""pitch"":""high"",""duration"":""4""}",0,0,{},{}
76.png,702,"{""note"":""2"",""pitch"":""high"",""duration"":""8""}",0,0,{},{}
77.png,410,"{""note"":""1"",""pitch"":""high"",""duration"":""8""}",0,0,{},{}
78.png,734,"{""note"":""2"",""pitch"":""high"",""duration"":""4""}",0,0,{},{}
79.png,432,"{""note"":""1"",""pitch"":""high"",""duration"":""8""}",0,0,{},{}
80.png,564,"{""note"":""7"",""pitch"":""normal"",""duration"":""8""}",0,0,{},{}
81.png,163,"{""note"":""|"",""pitch"":""normal"",""duration"":""0""}",0,0,{},{}
82.png,705,"{""note"":""2"",""pitch"":""normal"",""duration"":""8""}",0,0,{},{}
83.png,847,"{""note"":""2"",""pitch"":""normal"",""duration"":""4""}",0,0,{},{}
84.png,172,"{""note"":""|"",""pitch"":""normal"",""duration"":""0""}",0,0,{},{}
85.png,382,"{""note"":""3"",""pitch"":""normal"",""duration"":""8""}",0,0,{},{}
86.png,362,"{""note"":""dot"",""pitch"":""normal"",""duration"":""0""}",0,0,{},{}
87.png,585,"{""note"":""7"",""pitch"":""low"",""duration"":""16""}",0,0,{},{}
88.png,584,"{""note"":""7"",""pitch"":""low"",""duration"":""8""}",0,0,{},{}
89.png,759,"{""note"":""5"",""pitch"":""low"",""duration"":""8""}",0,0,{},{}
90.png,275,"{""note"":""1"",""pitch"":""normal"",""duration"":""4""}",0,0,{},{}
91.png,164,"{""note"":""line"",""pitch"":""normal"",""duration"":""0""}",0,0,{},{}
92.png,172,"{""note"":""|"",""pitch"":""normal"",""duration"":""0""}",0,0,{},{}
93.png,312,"{""note"":""0"",""pitch"":""normal"",""duration"":""8""}",0,0,{},{}
94.png,646,"{""note"":""4"",""pitch"":""low"",""duration"":""16""}",0,0,{},{}
95.png,647,"{""note"":""4"",""pitch"":""low"",""duration"":""16""}",0,0,{},{}
96.png,741,"{""note"":""4"",""pitch"":""low"",""duration"":""8""}",0,0,{},{}
97.png,743,"{""note"":""3"",""pitch"":""low"",""duration"":""16""}",0,0,{},{}
98.png,741,"{""note"":""3"",""pitch"":""low"",""duration"":""16""}",0,0,{},{}
99.png,726,"{""note"":""3"",""pitch"":""low"",""duration"":""16""}",0,0,{},{}
100.png,759,"{""note"":""2"",""pitch"":""low"",""duration"":""8""}",0,0,{},{}
101.png,632,"{""note"":""2"",""pitch"":""low"",""duration"":""16""}",0,0,{},{}
102.png,770,"{""note"":""2"",""pitch"":""low"",""duration"":""8""}",0,0,{},{}
103.png,764,"{""note"":""5"",""pitch"":""low"",""duration"":""8""}",0,0,{},{}
104.png,172,"{""note"":""|"",""pitch"":""normal"",""duration"":""0""}",0,0,{},{}
105.png,661,"{""note"":""2"",""pitch"":""low"",""duration"":""16""}",0,0,{},{}
106.png,875,"{""note"":""3"",""pitch"":""low"",""duration"":""8""}",0,0,{},{}
107.png,442,"{""note"":""dot"",""pitch"":""normal"",""duration"":""0""}",0,0,{},{}
108.png,810,"{""note"":""0"",""pitch"":""normal"",""duration"":""4""}",0,0,{},{}
109.png,833,"{""note"":""0"",""pitch"":""normal"",""duration"":""4""}",0,0,{},{}
110.png,475,"{""note"":""dot"",""pitch"":""normal"",""duration"":""0""}",0,0,{},{}
111.png,711,"{""note"":""5"",""pitch"":""low"",""duration"":""16""}",0,0,{},{}
112.png,683,"{""note"":""5"",""pitch"":""low"",""duration"":""16""}",0,0,{},{}
113.png,172,"{""note"":""|"",""pitch"":""normal"",""duration"":""0""}",0,0,{},{}
114.png,831,"{""note"":""6"",""pitch"":""normal"",""duration"":""8""}",0,0,{},{}
115.png,607,"{""note"":""7"",""pitch"":""normal"",""duration"":""8""}",0,0,{},{}
116.png,483,"{""note"":""1"",""pitch"":""high"",""duration"":""8""}",0,0,{},{}
117.png,170,"{""note"":""|"",""pitch"":""normal"",""duration"":""0""}",0,0,{},{}
118.png,797,"{""note"":""2"",""pitch"":""high"",""duration"":""4""}",0,0,{},{}
119.png,993,"{""note"":""5"",""pitch"":""normal"",""duration"":""4""}",0,0,{},{}
120.png,771,"{""note"":""2"",""pitch"":""high"",""duration"":""4""}",0,0,{},{}
121.png,712,"{""note"":""4"",""pitch"":""high"",""duration"":""8""}",0,0,{},{}
122.png,716,"{""note"":""4"",""pitch"":""high"",""duration"":""8""}",0,0,{},{}
123.png,168,"{""note"":""|"",""pitch"":""normal"",""duration"":""0""}",0,0,{},{}
124.png,721,"{""note"":""4"",""pitch"":""high"",""duration"":""8""}",0,0,{},{}
125.png,806,"{""note"":""3"",""pitch"":""high"",""duration"":""8""}",0,0,{},{}
126.png,818,"{""note"":""3"",""pitch"":""high"",""duration"":""8""}",0,0,{},{}
127.png,530,"{""note"":""dot"",""pitch"":""normal"",""duration"":""0""}",0,0,{},{}
128.png,510,"{""note"":""1"",""pitch"":""high"",""duration"":""16""}",0,0,{},{}
129.png,504,"{""note"":""1"",""pitch"":""high"",""duration"":""8""}",0,0,{},{}
130.png,743,"{""note"":""2"",""pitch"":""high"",""duration"":""8""}",0,0,{},{}
131.png,801,"{""note"":""3"",""pitch"":""high"",""duration"":""8""}",0,0,{},{}
132.png,703,"{""note"":""4"",""pitch"":""high"",""duration"":""8""}",0,0,{},{}
133.png,163,"{""note"":""|"",""pitch"":""normal"",""duration"":""0""}",0,0,{},{}
134.png,1062,"{""note"":""6"",""pitch"":""normal"",""duration"":""4""}",0,0,{},{}
135.png,695,"{""note"":""4"",""pitch"":""high"",""duration"":""16""}",0,0,{},{}
136.png,807,"{""note"":""3"",""pitch"":""high"",""duration"":""16""}",0,0,{},{}
137.png,168,"{""note"":""|"",""pitch"":""normal"",""duration"":""0""}",0,0,{},{}
138.png,492,"{""note"":""2"",""pitch"":""high"",""duration"":""4""}",0,0,{},{}
139.png,404,"{""note"":""0"",""pitch"":""normal"",""duration"":""8""}",0,0,{},{}
140.png,328,"{""note"":""7"",""pitch"":""normal"",""duration"":""8""}",0,0,{},{}
141.png,458,"{""note"":""1"",""pitch"":""high"",""duration"":""4""}",0,0,{},{}
142.png,539,"{""note"":""2"",""pitch"":""high"",""duration"":""4""}",0,0,{},{}
143.png,163,"{""note"":""|"",""pitch"":""normal"",""duration"":""0""}",0,0,{},{}
144.png,838,"{""note"":""6"",""pitch"":""high"",""duration"":""8""}",0,0,{},{}
145.png,720,"{""note"":""5"",""pitch"":""high"",""duration"":""8""}",0,0,{},{}
146.png,849,"{""note"":""3"",""pitch"":""high"",""duration"":""8""}",0,0,{},{}
147.png,855,"{""note"":""3"",""pitch"":""high"",""duration"":""8""}",0,0,{},{}
148.png,846,"{""note"":""3"",""pitch"":""high"",""duration"":""8""}",0,0,{},{}
149.png,853,"{""note"":""3"",""pitch"":""high"",""duration"":""8""}",0,0,{},{}
150.png,821,"{""note"":""2"",""pitch"":""high"",""duration"":""4""}",0,0,{},{}
151.png,377,"{""note"":""0"",""pitch"":""normal"",""duration"":""8""}",0,0,{},{}
152.png,753,"{""note"":""2"",""pitch"":""high"",""duration"":""8""}",0,0,{},{}
153.png,622,"{""note"":""7"",""pitch"":""normal"",""duration"":""4""}",0,0,{},{}
154.png,433,"{""note"":""1"",""pitch"":""high"",""duration"":""4""}",0,0,{},{}
155.png,156,"{""note"":""|"",""pitch"":""normal"",""duration"":""0""}",0,0,{},{}
156.png,908,"{""note"":""6"",""pitch"":""high"",""duration"":""4""}",0,0,{},{}
157.png,474,"{""note"":""1"",""pitch"":""high"",""duration"":""16""}",0,0,{},{}
158.png,176,"{""note"":""|"",""pitch"":""normal"",""duration"":""0""}",0,0,{},{}
159.png,838,"{""note"":""3"",""pitch"":""high"",""duration"":""8""}",0,0,{},{}
160.png,783,"{""note"":""2"",""pitch"":""high"",""duration"":""8""}",0,0,{},{}
161.png,462,"{""note"":""1"",""pitch"":""high"",""duration"":""8""}",0,0,{},{}
162.png,747,"{""note"":""2"",""pitch"":""high"",""duration"":""16""}",0,0,{},{}
163.png,710,"{""note"":""4"",""pitch"":""high"",""duration"":""16""}",0,0,{},{}
164.png,743,"{""note"":""4"",""pitch"":""high"",""duration"":""8""}",0,0,{},{}
165.png,846,"{""note"":""3"",""pitch"":""high"",""duration"":""8""}",0,0,{},{}
166.png,750,"{""note"":""2"",""pitch"":""high"",""duration"":""8""}",0,0,{},{}
167.png,482,"{""note"":""1"",""pitch"":""high"",""duration"":""16""}",0,0,{},{}
168.png,494,"{""note"":""1"",""pitch"":""high"",""duration"":""16""}",0,0,{},{}
169.png,169,"{""note"":""|"",""pitch"":""normal"",""duration"":""0""}",0,0,{},{}
170.png,960,"{""note"":""3"",""pitch"":""normal"",""duration"":""4""}",0,0,{},{}
171.png,781,"{""note"":""dot"",""pitch"":""normal"",""duration"":""0""}",0,0,{},{}
172.png,716,"{""note"":""2"",""pitch"":""normal"",""duration"":""16""}",0,0,{},{}
173.png,808,"{""note"":""3"",""pitch"":""normal"",""duration"":""16""}",0,0,{},{}
174.png,1006,"{""note"":""3"",""pitch"":""normal"",""duration"":""4""}",0,0,{},{}
175.png,863,"{""note"":""dot"",""pitch"":""normal"",""duration"":""0""}",0,0,{},{}
176.png,667,"{""note"":""2"",""pitch"":""normal"",""duration"":""16""}",0,0,{},{}
177.png,788,"{""note"":""3"",""pitch"":""normal"",""duration"":""16""}",0,0,{},{}
178.png,167,"{""note"":""|"",""pitch"":""normal"",""duration"":""0""}",0,0,{},{}
179.png,971,"{""note"":""3"",""pitch"":""normal"",""duration"":""4""}",0,0,{},{}
180.png,775,"{""note"":""0"",""pitch"":""normal"",""duration"":""8""}",0,0,{},{}
181.png,374,"{""note"":""dot"",""pitch"":""normal"",""duration"":""0""}",0,0,{},{}
182.png,770,"{""note"":""5"",""pitch"":""normal"",""duration"":""16""}",0,0,{},{}
183.png,890,"{""note"":""6"",""pitch"":""normal"",""duration"":""8""}",0,0,{},{}
184.png,783,"{""note"":""5"",""pitch"":""normal"",""duration"":""8""}",0,0,{},{}
185.png,347,"{""note"":""1"",""pitch"":""normal"",""duration"":""8""}",0,0,{},{}
186.png,681,"{""note"":""7"",""pitch"":""low"",""duration"":""8""}",0,0,{},{}
187.png,175,"{""note"":""|"",""pitch"":""normal"",""duration"":""0""}",0,0,{},{}
188.png,285,"{""note"":""1"",""pitch"":""normal"",""duration"":""4""}",0,0,{},{}
189.png,475,"{""note"":""dot"",""pitch"":""normal"",""duration"":""0""}",0,0,{},{}
190.png,683,"{""note"":""7"",""pitch"":""low"",""duration"":""16""}",0,0,{},{}
191.png,361,"{""note"":""1"",""pitch"":""normal"",""duration"":""16""}",0,0,{},{}
192.png,322,"{""note"":""1"",""pitch"":""normal"",""duration"":""4""}",0,0,{},{}
193.png,951,"{""note"":""dot"",""pitch"":""normal"",""duration"":""0""}",0,0,{},{}
194.png,654,"{""note"":""7"",""pitch"":""low"",""duration"":""16""}",0,0,{},{}
195.png,395,"{""note"":""1"",""pitch"":""normal"",""duration"":""16""}",0,0,{},{}
196.png,170,"{""note"":""|"",""pitch"":""normal"",""duration"":""0""}",0,0,{},{}
197.png,325,"{""note"":""1"",""pitch"":""normal"",""duration"":""4""}",0,0,{},{}
198.png,787,"{""note"":""0"",""pitch"":""normal"",""duration"":""8""}",0,0,{},{}
199.png,374,"{""note"":""dot"",""pitch"":""normal"",""duration"":""0""}",0,0,{},{}
200.png,790,"{""note"":""6"",""pitch"":""low"",""duration"":""16""}",0,0,{},{}
201.png,818,"{""note"":""6"",""pitch"":""low"",""duration"":""8""}",0,0,{},{}
202.png,680,"{""note"":""7"",""pitch"":""low"",""duration"":""8""}",0,0,{},{}
203.png,373,"{""note"":""1"",""pitch"":""normal"",""duration"":""8""}",0,0,{},{}
204.png,894,"{""note"":""3"",""pitch"":""normal"",""duration"":""8""}",0,0,{},{}
205.png,172,"{""note"":""|"",""pitch"":""normal"",""duration"":""0""}",0,0,{},{}
206.png,399,"{""note"":""0"",""pitch"":""normal"",""duration"":""8""}",0,0,{},{}
207.png,419,"{""note"":""3"",""pitch"":""normal"",""duration"":""8""}",0,0,{},{}
208.png,155,"{""note"":""|"",""pitch"":""normal"",""duration"":""0""}",0,0,{},{}
209.png,955,"{""note"":""6"",""pitch"":""normal"",""duration"":""4""}",0,0,{},{}
210.png,909,"{""note"":""dot"",""pitch"":""normal"",""duration"":""0""}",0,0,{},{}
211.png,431,"{""note"":""3"",""pitch"":""normal"",""duration"":""8""}",0,0,{},{}
212.png,418,"{""note"":""1"",""pitch"":""high"",""duration"":""4""}",0,0,{},{}
213.png,1096,"{""note"":""dot"",""pitch"":""normal"",""duration"":""0""}",0,0,{},{}
214.png,440,"{""note"":""6"",""pitch"":""normal"",""duration"":""8""}",0,0,{},{}
215.png,256,"{""note"":""|"",""pitch"":""normal"",""duration"":""0""}",0,0,{},{}
216.png,730,"{""note"":""2"",""pitch"":""high"",""duration"":""8""}",0,0,{},{}
217.png,401,"{""note"":""1"",""pitch"":""high"",""duration"":""4""}",0,0,{},{}
218.png,453,"{""note"":""6"",""pitch"":""normal"",""duration"":""8""}",0,0,{},{}
219.png,884,"{""note"":""6"",""pitch"":""normal"",""duration"":""4""}",0,0,{},{}
220.png,730,"{""note"":""2"",""pitch"":""high"",""duration"":""8""}",0,0,{},{}
221.png,432,"{""note"":""1"",""pitch"":""high"",""duration"":""8""}",0,0,{},{}
222.png,155,"{""note"":""|"",""pitch"":""normal"",""duration"":""0""}",0,0,{},{}
223.png,839,"{""note"":""5"",""pitch"":""normal"",""duration"":""4""}",0,0,{},{}
224.png,194,"{""note"":""line"",""pitch"":""normal"",""duration"":""0""}",0,0,{},{}
225.png,382,"{""note"":""5"",""pitch"":""normal"",""duration"":""8""}",0,0,{},{}
226.png,385,"{""note"":""4"",""pitch"":""normal"",""duration"":""8""}",0,0,{},{}
227.png,392,"{""note"":""5"",""pitch"":""normal"",""duration"":""8""}",0,0,{},{}
228.png,827,"{""note"":""3"",""pitch"":""normal"",""duration"":""8""}",0,0,{},{}
229.png,746,"{""note"":""2"",""pitch"":""normal"",""duration"":""8""}",0,0,{},{}
230.png,728,"{""note"":""2"",""pitch"":""normal"",""duration"":""8""}",0,0,{},{}
231.png,801,"{""note"":""3"",""pitch"":""normal"",""duration"":""8""}",0,0,{},{}
232.png,834,"{""note"":""3"",""pitch"":""normal"",""duration"":""8""}",0,0,{},{}
233.png,788,"{""note"":""5"",""pitch"":""normal"",""duration"":""8""}",0,0,{},{}
234.png,149,"{""note"":""|"",""pitch"":""normal"",""duration"":""0""}",0,0,{},{}
235.png,813,"{""note"":""5"",""pitch"":""normal"",""duration"":""8""}",0,0,{},{}
236.png,764,"{""note"":""3"",""pitch"":""normal"",""duration"":""8""}",0,0,{},{}
237.png,817,"{""note"":""3"",""pitch"":""normal"",""duration"":""8""}",0,0,{},{}
238.png,740,"{""note"":""2"",""pitch"":""normal"",""duration"":""8""}",0,0,{},{}
239.png,892,"{""note"":""3"",""pitch"":""normal"",""duration"":""4""}",0,0,{},{}
240.png,170,"{""note"":""line"",""pitch"":""normal"",""duration"":""0""}",0,0,{},{}
241.png,160,"{""note"":""|"",""pitch"":""normal"",""duration"":""0""}",0,0,{},{}
242.png,816,"{""note"":""5"",""pitch"":""normal"",""duration"":""8""}",0,0,{},{}
243.png,786,"{""note"":""3"",""pitch"":""normal"",""duration"":""8""}",0,0,{},{}
244.png,779,"{""note"":""3"",""pitch"":""normal"",""duration"":""8""}",0,0,{},{}
245.png,752,"{""note"":""2"",""pitch"":""normal"",""duration"":""8""}",0,0,{},{}
246.png,798,"{""note"":""2"",""pitch"":""normal"",""duration"":""8""}",0,0,{},{}
247.png,841,"{""note"":""3"",""pitch"":""normal"",""duration"":""8""}",0,0,{},{}
248.png,805,"{""note"":""5"",""pitch"":""normal"",""duration"":""8""}",0,0,{},{}
249.png,791,"{""note"":""6"",""pitch"":""normal"",""duration"":""8""}",0,0,{},{}
250.png,164,"{""note"":""|"",""pitch"":""normal"",""duration"":""0""}",0,0,{},{}
251.png,835,"{""note"":""3"",""pitch"":""high"",""duration"":""8""}",0,0,{},{}
252.png,476,"{""note"":""1"",""pitch"":""high"",""duration"":""8""}",0,0,{},{}
253.png,530,"{""note"":""6"",""pitch"":""normal"",""duration"":""8""}",0,0,{},{}
254.png,837,"{""note"":""3"",""pitch"":""high"",""duration"":""8""}",0,0,{},{}
255.png,708,"{""note"":""2"",""pitch"":""high"",""duration"":""16""}",0,0,{},{}
256.png,746,"{""note"":""5"",""pitch"":""normal"",""duration"":""8""}",0,0,{},{}
257.png,722,"{""note"":""2"",""pitch"":""high"",""duration"":""16""}",0,0,{},{}
258.png,799,"{""note"":""2"",""pitch"":""high"",""duration"":""4""}",0,0,{},{}
259.png,164,"{""note"":""|"",""pitch"":""normal"",""duration"":""0""}",0,0,{},{}
260.png,496,"{""note"":""1"",""pitch"":""high"",""duration"":""16""}",0,0,{},{}
261.png,486,"{""note"":""1"",""pitch"":""high"",""duration"":""8""}",0,0,{},{}
262.png,486,"{""note"":""1"",""pitch"":""high"",""duration"":""16""}",0,0,{},{}
263.png,489,"{""note"":""1"",""pitch"":""high"",""duration"":""16""}",0,0,{},{}
264.png,521,"{""note"":""6"",""pitch"":""normal"",""duration"":""8""}",0,0,{},{}
265.png,439,"{""note"":""dot"",""pitch"":""normal"",""duration"":""0""}",0,0,{},{}
266.png,597,"{""note"":""7"",""pitch"":""normal"",""duration"":""16""}",0,0,{},{}
267.png,642,"{""note"":""7"",""pitch"":""normal"",""duration"":""8""}",0,0,{},{}
268.png,761,"{""note"":""5"",""pitch"":""normal"",""duration"":""16""}",0,0,{},{}
269.png,983,"{""note"":""5"",""pitch"":""normal"",""duration"":""4""}",0,0,{},{}
270.png,214,"{""note"":""|"",""pitch"":""normal"",""duration"":""0""}",0,0,{},{}
271.png,835,"{""note"":""3"",""pitch"":""high"",""duration"":""8""}",0,0,{},{}
272.png,493,"{""note"":""1"",""pitch"":""normal"",""duration"":""8""}",0,0,{},{}
273.png,443,"{""note"":""6"",""pitch"":""normal"",""duration"":""8""}",0,0,{},{}
274.png,840,"{""note"":""3"",""pitch"":""high"",""duration"":""8""}",0,0,{},{}
275.png,720,"{""note"":""2"",""pitch"":""high"",""duration"":""16""}",0,0,{},{}
276.png,423,"{""note"":""5"",""pitch"":""normal"",""duration"":""8""}",0,0,{},{}
277.png,730,"{""note"":""2"",""pitch"":""high"",""duration"":""16""}",0,0,{},{}
278.png,472,"{""note"":""2"",""pitch"":""high"",""duration"":""4""}",0,0,{},{}
279.png,236,"{""note"":""|"",""pitch"":""normal"",""duration"":""0""}",0,0,{},{}
280.png,501,"{""note"":""1"",""pitch"":""high"",""duration"":""16""}",0,0,{},{}
281.png,472,"{""note"":""1"",""pitch"":""high"",""duration"":""8""}",0,0,{},{}
282.png,486,"{""note"":""1"",""pitch"":""high"",""duration"":""16""}",0,0,{},{}
283.png,478,"{""note"":""1"",""pitch"":""high"",""duration"":""16""}",0,0,{},{}
284.png,463,"{""note"":""6"",""pitch"":""normal"",""duration"":""8""}",0,0,{},{}
285.png,724,"{""note"":""5"",""pitch"":""normal"",""duration"":""16""}",0,0,{},{}
286.png,468,"{""note"":""1"",""pitch"":""high"",""duration"":""16""}",0,0,{},{}
287.png,470,"{""note"":""1"",""pitch"":""high"",""duration"":""8""}",0,0,{},{}
288.png,486,"{""note"":""1"",""pitch"":""high"",""duration"":""16""}",0,0,{},{}
289.png,274,"{""note"":""1"",""pitch"":""high"",""duration"":""4""}",0,0,{},{}
290.png,201,"{""note"":""|"",""pitch"":""normal"",""duration"":""0""}",0,0,{},{}
291.png,742,"{""note"":""0"",""pitch"":""normal"",""duration"":""16""}",0,0,{},{}
292.png,465,"{""note"":""1"",""pitch"":""high"",""duration"":""8""}",0,0,{},{}
293.png,784,"{""note"":""6"",""pitch"":""normal"",""duration"":""16""}",0,0,{},{}
294.png,463,"{""note"":""1"",""pitch"":""high"",""duration"":""16""}",0,0,{},{}
295.png,474,"{""note"":""1"",""pitch"":""high"",""duration"":""8""}",0,0,{},{}
296.png,416,"{""note"":""dot"",""pitch"":""normal"",""duration"":""0""}",0,0,{},{}
297.png,710,"{""note"":""0"",""pitch"":""normal"",""duration"":""16""}",0,0,{},{}
298.png,355,"{""note"":""7"",""pitch"":""normal"",""duration"":""8""}",0,0,{},{}
299.png,754,"{""note"":""5"",""pitch"":""normal"",""duration"":""16""}",0,0,{},{}
300.png,631,"{""note"":""7"",""pitch"":""normal"",""duration"":""16""}",0,0,{},{}
301.png,346,"{""note"":""7"",""pitch"":""normal"",""duration"":""8""}",0,0,{},{}
302.png,433,"{""note"":""dot"",""pitch"":""normal"",""duration"":""0""}",0,0,{},{}
303.png,218,"{""note"":""|"",""pitch"":""normal"",""duration"":""0""}",0,0,{},{}
304.png,726,"{""note"":""0"",""pitch"":""normal"",""duration"":""8""}",0,0,{},{}
305.png,885,"{""note"":""3"",""pitch"":""normal"",""duration"":""16""}",0,0,{},{}
306.png,829,"{""note"":""6"",""pitch"":""low"",""duration"":""16""}",0,0,{},{}
307.png,897,"{""note"":""3"",""pitch"":""normal"",""duration"":""16""}",0,0,{},{}
308.png,863,"{""note"":""3"",""pitch"":""normal"",""duration"":""16""}",0,0,{},{}
309.png,839,"{""note"":""6"",""pitch"":""low"",""duration"":""16""}",0,0,{},{}
310.png,882,"{""note"":""3"",""pitch"":""normal"",""duration"":""16""}",0,0,{},{}
311.png,923,"{""note"":""2"",""pitch"":""normal"",""duration"":""4""}",0,0,{},{}
312.png,756,"{""note"":""3"",""pitch"":""normal"",""duration"":""8""}",0,0,{},{}
313.png,735,"{""note"":""2"",""pitch"":""normal"",""duration"":""8""}",0,0,{},{}
314.png,170,"{""note"":""|"",""pitch"":""normal"",""duration"":""0""}",0,0,{},{}
315.png,411,"{""note"":""1"",""pitch"":""normal"",""duration"":""16""}",0,0,{},{}
316.png,816,"{""note"":""6"",""pitch"":""normal"",""duration"":""16""}",0,0,{},{}
317.png,841,"{""note"":""6"",""pitch"":""normal"",""duration"":""8""}",0,0,{},{}
318.png,861,"{""note"":""0"",""pitch"":""normal"",""duration"":""4""}",0,0,{},{}
319.png,849,"{""note"":""0"",""pitch"":""normal"",""duration"":""4""}",0,0,{},{}
320.png,735,"{""note"":""0"",""pitch"":""normal"",""duration"":""8""}",0,0,{},{}
321.png,759,"{""note"":""5"",""pitch"":""normal"",""duration"":""16""}",0,0,{},{}
322.png,805,"{""note"":""5"",""pitch"":""normal"",""duration"":""16""}",0,0,{},{}
323.png,147,"{""note"":""|"",""pitch"":""normal"",""duration"":""0""}",0,0,{},{}
324.png,752,"{""note"":""0"",""pitch"":""normal"",""duration"":""8""}",0,0,{},{}
325.png,847,"{""note"":""3"",""pitch"":""normal"",""duration"":""16""}",0,0,{},{}
326.png,842,"{""note"":""3"",""pitch"":""normal"",""duration"":""16""}",0,0,{},{}
327.png,774,"{""note"":""3"",""pitch"":""normal"",""duration"":""8""}",0,0,{},{}
328.png,856,"{""note"":""3"",""pitch"":""normal"",""duration"":""16""}",0,0,{},{}
329.png,858,"{""note"":""3"",""pitch"":""normal"",""duration"":""16""}",0,0,{},{}
330.png,770,"{""note"":""3"",""pitch"":""normal"",""duration"":""8""}",0,0,{},{}
331.png,707,"{""note"":""2"",""pitch"":""normal"",""duration"":""8""}",0,0,{},{}
332.png,751,"{""note"":""3"",""pitch"":""normal"",""duration"":""8""}",0,0,{},{}
333.png,760,"{""note"":""2"",""pitch"":""normal"",""duration"":""8""}",0,0,{},{}
334.png,182,"{""note"":""|"",""pitch"":""normal"",""duration"":""0""}",0,0,{},{}
335.png,401,"{""note"":""1"",""pitch"":""normal"",""duration"":""16""}",0,0,{},{}
336.png,809,"{""note"":""6"",""pitch"":""low"",""duration"":""16""}",0,0,{},{}
337.png,761,"{""note"":""6"",""pitch"":""normal"",""duration"":""8""}",0,0,{},{}
338.png,869,"{""note"":""0"",""pitch"":""normal"",""duration"":""4""}",0,0,{},{}
339.png,848,"{""note"":""0"",""pitch"":""normal"",""duration"":""4""}",0,0,{},{}
340.png,716,"{""note"":""0"",""pitch"":""normal"",""duration"":""8""}",0,0,{},{}
341.png,774,"{""note"":""5"",""pitch"":""normal"",""duration"":""16""}",0,0,{},{}
342.png,781,"{""note"":""6"",""pitch"":""normal"",""duration"":""16""}",0,0,{},{}
343.png,147,"{""note"":""|"",""pitch"":""normal"",""duration"":""0""}",0,0,{},{}
344.png,705,"{""note"":""0"",""pitch"":""normal"",""duration"":""16""}",0,0,{},{}
345.png,775,"{""note"":""5"",""pitch"":""normal"",""duration"":""16""}",0,0,{},{}
346.png,654,"{""note"":""7"",""pitch"":""normal"",""duration"":""16""}",0,0,{},{}
347.png,804,"{""note"":""5"",""pitch"":""normal"",""duration"":""16""}",0,0,{},{}
348.png,392,"{""note"":""7"",""pitch"":""normal"",""duration"":""8""}",0,0,{},{}
349.png,699,"{""note"":""0"",""pitch"":""normal"",""duration"":""16""}",0,0,{},{}
350.png,779,"{""note"":""5"",""pitch"":""normal"",""duration"":""16""}",0,0,{},{}
351.png,678,"{""note"":""7"",""pitch"":""normal"",""duration"":""16""}",0,0,{},{}
352.png,831,"{""note"":""5"",""pitch"":""normal"",""duration"":""16""}",0,0,{},{}
353.png,418,"{""note"":""7"",""pitch"":""normal"",""duration"":""8""}",0,0,{},{}
354.png,815,"{""note"":""0"",""pitch"":""normal"",""duration"":""8""}",0,0,{},{}
355.png,438,"{""note"":""1"",""pitch"":""high"",""duration"":""8""}",0,0,{},{}
356.png,164,"{""note"":""|"",""pitch"":""normal"",""duration"":""0""}",0,0,{},{}
357.png,798,"{""note"":""0"",""pitch"":""normal"",""duration"":""4""}",0,0,{},{}
358.png,849,"{""note"":""6"",""pitch"":""normal"",""duration"":""8""}",0,0,{},{}
359.png,413,"{""note"":""1"",""pitch"":""high"",""duration"":""8""}",0,0,{},{}
360.png,784,"{""note"":""3"",""pitch"":""high"",""duration"":""8""}",0,0,{},{}
361.png,682,"{""note"":""2"",""pitch"":""high"",""duration"":""8""}",0,0,{},{}
362.png,433,"{""note"":""1"",""pitch"":""high"",""duration"":""8""}",0,0,{},{}
363.png,440,"{""note"":""1"",""pitch"":""high"",""duration"":""8""}",0,0,{},{}
364.png,154,"{""note"":""|"",""pitch"":""normal"",""duration"":""0""}",0,0,{},{}
365.png,413,"{""note"":""1"",""pitch"":""high"",""duration"":""4""}",0,0,{},{}
366.png,211,"{""note"":""line"",""pitch"":""normal"",""duration"":""0""}",0,0,{},{}
367.png,198,"{""note"":""line"",""pitch"":""normal"",""duration"":""0""}",0,0,{},{}
368.png,862,"{""note"":""6"",""pitch"":""normal"",""duration"":""8""}",0,0,{},{}
369.png,417,"{""note"":""7"",""pitch"":""normal"",""duration"":""8""}",0,0,{},{}
370.png,198,"{""note"":""|"",""pitch"":""normal"",""duration"":""0""}",0,0,{},{}
371.png,424,"{""note"":""1"",""pitch"":""high"",""duration"":""8""}",0,0,{},{}
372.png,435,"{""note"":""1"",""pitch"":""high"",""duration"":""8""}",0,0,{},{}
373.png,439,"{""note"":""1"",""pitch"":""high"",""duration"":""8""}",0,0,{},{}
374.png,443,"{""note"":""1"",""pitch"":""high"",""duration"":""8""}",0,0,{},{}
375.png,887,"{""note"":""6"",""pitch"":""normal"",""duration"":""4""}",0,0,{},{}
376.png,871,"{""note"":""6"",""pitch"":""normal"",""duration"":""8""}",0,0,{},{}
377.png,445,"{""note"":""7"",""pitch"":""normal"",""duration"":""8""}",0,0,{},{}
378.png,230,"{""note"":""|"",""pitch"":""normal"",""duration"":""0""}",0,0,{},{}
379.png,830,"{""note"":""3"",""pitch"":""normal"",""duration"":""8""}",0,0,{},{}
380.png,361,"{""note"":""dot"",""pitch"":""normal"",""duration"":""0""}",0,0,{},{}
381.png,700,"{""note"":""7"",""pitch"":""low"",""duration"":""16""}",0,0,{},{}
382.png,608,"{""note"":""7"",""pitch"":""low"",""duration"":""8""}",0,0,{},{}
383.png,715,"{""note"":""5"",""pitch"":""low"",""duration"":""8""}",0,0,{},{}
384.png,252,"{""note"":""1"",""pitch"":""normal"",""duration"":""4""}",0,0,{},{}
385.png,192,"{""note"":""line"",""pitch"":""normal"",""duration"":""0""}",0,0,{},{}
386.png,194,"{""note"":""|"",""pitch"":""normal"",""duration"":""0""}",0,0,{},{}
387.png,667,"{""note"":""0"",""pitch"":""normal"",""duration"":""8""}",0,0,{},{}
388.png,745,"{""note"":""4"",""pitch"":""low"",""duration"":""16""}",0,0,{},{}
389.png,702,"{""note"":""4"",""pitch"":""low"",""duration"":""8""}",0,0,{},{}
390.png,852,"{""note"":""3"",""pitch"":""low"",""duration"":""16""}",0,0,{},{}
391.png,807,"{""note"":""3"",""pitch"":""low"",""duration"":""16""}",0,0,{},{}
392.png,739,"{""note"":""2"",""pitch"":""low"",""duration"":""8""}",0,0,{},{}
393.png,745,"{""note"":""2"",""pitch"":""low"",""duration"":""16""}",0,0,{},{}
394.png,730,"{""note"":""2"",""pitch"":""low"",""duration"":""8""}",0,0,{},{}
395.png,816,"{""note"":""5"",""pitch"":""low"",""duration"":""8""}",0,0,{},{}
396.png,194,"{""note"":""|"",""pitch"":""normal"",""duration"":""0""}",0,0,{},{}
397.png,778,"{""note"":""2"",""pitch"":""low"",""duration"":""16""}",0,0,{},{}
398.png,803,"{""note"":""3"",""pitch"":""low"",""duration"":""8""}",0,0,{},{}
399.png,394,"{""note"":""dot"",""pitch"":""normal"",""duration"":""0""}",0,0,{},{}
400.png,737,"{""note"":""0"",""pitch"":""normal"",""duration"":""4""}",0,0,{},{}
401.png,768,"{""note"":""0"",""pitch"":""normal"",""duration"":""4""}",0,0,{},{}
402.png,763,"{""note"":""dot"",""pitch"":""normal"",""duration"":""0""}",0,0,{},{}
403.png,802,"{""note"":""5"",""pitch"":""low"",""duration"":""16""}",0,0,{},{}
404.png,192,"{""note"":""|"",""pitch"":""normal"",""duration"":""0""}",0,0,{},{}
405.png,765,"{""note"":""0"",""pitch"":""normal"",""duration"":""4""}",0,0,{},{}
406.png,429,"{""note"":""1"",""pitch"":""normal"",""duration"":""16""}",0,0,{},{}
407.png,404,"{""note"":""1"",""pitch"":""normal"",""duration"":""16""}",0,0,{},{}
408.png,399,"{""note"":""1"",""pitch"":""normal"",""duration"":""16""}",0,0,{},{}
409.png,411,"{""note"":""1"",""pitch"":""normal"",""duration"":""16""}",0,0,{},{}
410.png,404,"{""note"":""1"",""pitch"":""normal"",""duration"":""16""}",0,0,{},{}
411.png,795,"{""note"":""3"",""pitch"":""normal"",""duration"":""8""}",0,0,{},{}
412.png,780,"{""note"":""3"",""pitch"":""normal"",""duration"":""16""}",0,0,{},{}
413.png,808,"{""note"":""3"",""pitch"":""normal"",""duration"":""16""}",0,0,{},{}
414.png,726,"{""note"":""4"",""pitch"":""normal"",""duration"":""8""}",0,0,{},{}
415.png,776,"{""note"":""3"",""pitch"":""normal"",""duration"":""16""}",0,0,{},{}
416.png,144,"{""note"":""|"",""pitch"":""normal"",""duration"":""0""}",0,0,{},{}
417.png,734,"{""note"":""0"",""pitch"":""normal"",""duration"":""8""}",0,0,{},{}
418.png,852,"{""note"":""6"",""pitch"":""normal"",""duration"":""16""}",0,0,{},{}
419.png,825,"{""note"":""6"",""pitch"":""normal"",""duration"":""16""}",0,0,{},{}
420.png,814,"{""note"":""5"",""pitch"":""normal"",""duration"":""16""}",0,0,{},{}
421.png,850,"{""note"":""6"",""pitch"":""normal"",""duration"":""8""}",0,0,{},{}
422.png,799,"{""note"":""5"",""pitch"":""normal"",""duration"":""16""}",0,0,{},{}
423.png,748,"{""note"":""5"",""pitch"":""normal"",""duration"":""8""}",0,0,{},{}
424.png,883,"{""note"":""6"",""pitch"":""normal"",""duration"":""8""}",0,0,{},{}
425.png,788,"{""note"":""5"",""pitch"":""normal"",""duration"":""16""}",0,0,{},{}
426.png,863,"{""note"":""6"",""pitch"":""normal"",""duration"":""16""}",0,0,{},{}
427.png,712,"{""note"":""5"",""pitch"":""normal"",""duration"":""8""}",0,0,{},{}
428.png,142,"{""note"":""|"",""pitch"":""normal"",""duration"":""0""}",0,0,{},{}
429.png,734,"{""note"":""0"",""pitch"":""normal"",""duration"":""16""}",0,0,{},{}
430.png,802,"{""note"":""3"",""pitch"":""normal"",""duration"":""16""}",0,0,{},{}
431.png,837,"{""note"":""3"",""pitch"":""normal"",""duration"":""16""}",0,0,{},{}
432.png,802,"{""note"":""3"",""pitch"":""normal"",""duration"":""16""}",0,0,{},{}
433.png,763,"{""note"":""3"",""pitch"":""normal"",""duration"":""16""}",0,0,{},{}
434.png,808,"{""note"":""5"",""pitch"":""normal"",""duration"":""16""}",0,0,{},{}
435.png,777,"{""note"":""5"",""pitch"":""normal"",""duration"":""16""}",0,0,{},{}
436.png,805,"{""note"":""6"",""pitch"":""low"",""duration"":""16""}",0,0,{},{}
437.png,835,"{""note"":""6"",""pitch"":""low"",""duration"":""4""}",0,0,{},{}
438.png,361,"{""note"":""2"",""pitch"":""normal"",""duration"":""8""}",0,0,{},{}
439.png,190,"{""note"":""1"",""pitch"":""normal"",""duration"":""8""}",0,0,{},{}
440.png,930,"{""note"":""2"",""pitch"":""normal"",""duration"":""4""}",0,0,{},{}
441.png,234,"{""note"":""line"",""pitch"":""normal"",""duration"":""0""}",0,0,{},{}
442.png,158,"{""note"":""|"",""pitch"":""normal"",""duration"":""0""}",0,0,{},{}
443.png,917,"{""note"":""6"",""pitch"":""normal"",""duration"":""4""}",0,0,{},{}
444.png,398,"{""note"":""1"",""pitch"":""high"",""duration"":""4""}",0,0,{},{}
445.png,924,"{""note"":""5"",""pitch"":""normal"",""duration"":""4""}",0,0,{},{}
446.png,158,"{""note"":""|"",""pitch"":""normal"",""duration"":""0""}",0,0,{},{}
447.png,332,"{""note"":""4"",""pitch"":""normal"",""duration"":""8""}",0,0,{},{}
448.png,551,"{""note"":""dot"",""pitch"":""normal"",""duration"":""0""}",0,0,{},{}
449.png,814,"{""note"":""3"",""pitch"":""normal"",""duration"":""16""}",0,0,{},{}
450.png,385,"{""note"":""2"",""pitch"":""normal"",""duration"":""8""}",0,0,{},{}
451.png,624,"{""note"":""dot"",""pitch"":""normal"",""duration"":""0""}",0,0,{},{}
452.png,393,"{""note"":""1"",""pitch"":""normal"",""duration"":""16""}",0,0,{},{}
453.png,794,"{""note"":""3"",""pitch"":""normal"",""duration"":""8""}",0,0,{},{}
454.png,697,"{""note"":""2"",""pitch"":""normal"",""duration"":""16""}",0,0,{},{}
455.png,168,"{""note"":""|"",""pitch"":""normal"",""duration"":""0""}",0,0,{},{}
456.png,314,"{""note"":""1"",""pitch"":""normal"",""duration"":""4""}",0,0,{},{}
457.png,235,"{""note"":""line"",""pitch"":""normal"",""duration"":""0""}",0,0,{},{}
458.png,235,"{""note"":""line"",""pitch"":""normal"",""duration"":""0""}",0,0,{},{}
459.png,168,"{""note"":""|"",""pitch"":""normal"",""duration"":""0""}",0,0,{},{}
460.png,192,"{""note"":""1"",""pitch"":""normal"",""duration"":""8""}",0,0,{},{}
461.png,587,"{""note"":""dot"",""pitch"":""normal"",""duration"":""0""}",0,0,{},{}
462.png,775,"{""note"":""3"",""pitch"":""normal"",""duration"":""16""}",0,0,{},{}
463.png,959,"{""note"":""5"",""pitch"":""normal"",""duration"":""4""}",0,0,{},{}
464.png,235,"{""note"":""line"",""pitch"":""normal"",""duration"":""0""}",0,0,{},{}
465.png,168,"{""note"":""|"",""pitch"":""normal"",""duration"":""0""}",0,0,{},{}
466.png,400,"{""note"":""1"",""pitch"":""high"",""duration"":""4""}",0,0,{},{}
467.png,428,"{""note"":""1"",""pitch"":""high"",""duration"":""8""}",0,0,{},{}
468.png,559,"{""note"":""dot"",""pitch"":""normal"",""duration"":""0""}",0,0,{},{}
469.png,758,"{""note"":""5"",""pitch"":""normal"",""duration"":""16""}",0,0,{},{}
470.png,421,"{""note"":""6"",""pitch"":""normal"",""duration"":""8""}",0,0,{},{}
471.png,491,"{""note"":""dot"",""pitch"":""normal"",""duration"":""0""}",0,0,{},{}
472.png,754,"{""note"":""5"",""pitch"":""normal"",""duration"":""16""}",0,0,{},{}
473.png,158,"{""note"":""|"",""pitch"":""normal"",""duration"":""0""}",0,0,{},{}
474.png,618,"{""note"":""4"",""pitch"":""normal"",""duration"":""8""}",0,0,{},{}
475.png,799,"{""note"":""3"",""pitch"":""normal"",""duration"":""8""}",0,0,{},{}
476.png,634,"{""note"":""2"",""pitch"":""normal"",""duration"":""4""}",0,0,{},{}
477.png,534,"{""note"":""dot"",""pitch"":""normal"",""duration"":""0""}",0,0,{},{}
478.png,841,"{""note"":""3"",""pitch"":""normal"",""duration"":""8""}",0,0,{},{}
479.png,167,"{""note"":""|"",""pitch"":""normal"",""duration"":""0""}",0,0,{},{}
480.png,425,"{""note"":""1"",""pitch"":""normal"",""duration"":""4""}",0,0,{},{}
481.png,247,"{""note"":""line"",""pitch"":""normal"",""duration"":""0""}",0,0,{},{}
482.png,247,"{""note"":""line"",""pitch"":""normal"",""duration"":""0""}",0,0,{},{}
483.png,167,"{""note"":""|"",""pitch"":""normal"",""duration"":""0""}",0,0,{},{}
484.png,463,"{""note"":""1"",""pitch"":""high"",""duration"":""8""}",0,0,{},{}
485.png,558,"{""note"":""7"",""pitch"":""normal"",""duration"":""8""}",0,0,{},{}
486.png,1106,"{""note"":""6"",""pitch"":""normal"",""duration"":""4""}",0,0,{},{}
487.png,247,"{""note"":""line"",""pitch"":""normal"",""duration"":""0""}",0,0,{},{}
488.png,167,"{""note"":""|"",""pitch"":""normal"",""duration"":""0""}",0,0,{},{}
489.png,701,"{""note"":""2"",""pitch"":""high"",""duration"":""8""}",0,0,{},{}
490.png,429,"{""note"":""1"",""pitch"":""high"",""duration"":""8""}",0,0,{},{}
491.png,895,"{""note"":""5"",""pitch"":""normal"",""duration"":""4""}",0,0,{},{}
492.png,246,"{""note"":""line"",""pitch"":""normal"",""duration"":""0""}",0,0,{},{}
493.png,170,"{""note"":""|"",""pitch"":""normal"",""duration"":""0""}",0,0,{},{}
494.png,1089,"{""note"":""6"",""pitch"":""normal"",""duration"":""4""}",0,0,{},{}
495.png,818,"{""note"":""6"",""pitch"":""normal"",""duration"":""8""}",0,0,{},{}
496.png,617,"{""note"":""dot"",""pitch"":""normal"",""duration"":""0""}",0,0,{},{}
497.png,750,"{""note"":""3"",""pitch"":""normal"",""duration"":""16""}",0,0,{},{}
498.png,916,"{""note"":""2"",""pitch"":""normal"",""duration"":""4""}",0,0,{},{}
499.png,167,"{""note"":""|"",""pitch"":""normal"",""duration"":""0""}",0,0,{},{}
500.png,717,"{""note"":""2"",""pitch"":""normal"",""duration"":""8""}",0,0,{},{}
501.png,824,"{""note"":""3"",""pitch"":""normal"",""duration"":""8""}",0,0,{},{}
502.png,426,"{""note"":""1"",""pitch"":""high"",""duration"":""4""}",0,0,{},{}
508.png,486,"{""note"":""7"",""pitch"":""normal"",""duration"":""4""}",0,0,{},{}
509.png,167,"{""note"":""|"",""pitch"":""normal"",""duration"":""0""}",0,0,{},{}
510.png,777,"{""note"":""2"",""pitch"":""high"",""duration"":""4""}",0,0,{},{}
511.png,246,"{""note"":""line"",""pitch"":""normal"",""duration"":""0""}",0,0,{},{}
512.png,528,"{""note"":""1"",""pitch"":""high"",""duration"":""8""}",0,0,{},{}
513.png,732,"{""note"":""6"",""pitch"":""normal"",""duration"":""8""}",0,0,{},{}
514.png,179,"{""note"":""|"",""pitch"":""normal"",""duration"":""0""}",0,0,{},{}
515.png,803,"{""note"":""5"",""pitch"":""normal"",""duration"":""4""}",0,0,{},{}
516.png,246,"{""note"":""line"",""pitch"":""normal"",""duration"":""0""}",0,0,{},{}
517.png,262,"{""note"":""line"",""pitch"":""normal"",""duration"":""0""}",0,0,{},{}
518.png,179,"{""note"":""|"",""pitch"":""normal"",""duration"":""0""}",0,0,{},{}
519.png,963,"{""note"":""3"",""pitch"":""normal"",""duration"":""4""}",0,0,{},{}
520.png,904,"{""note"":""6"",""pitch"":""normal"",""duration"":""4""}",0,0,{},{}
521.png,246,"{""note"":""line"",""pitch"":""normal"",""duration"":""0""}",0,0,{},{}
522.png,170,"{""note"":""|"",""pitch"":""normal"",""duration"":""0""}",0,0,{},{}
523.png,1030,"{""note"":""3"",""pitch"":""normal"",""duration"":""4""}",0,0,{},{}
524.png,910,"{""note"":""5"",""pitch"":""normal"",""duration"":""4""}",0,0,{},{}
525.png,262,"{""note"":""line"",""pitch"":""normal"",""duration"":""0""}",0,0,{},{}
526.png,170,"{""note"":""|"",""pitch"":""normal"",""duration"":""0""}",0,0,{},{}
527.png,678,"{""note"":""5"",""pitch"":""normal"",""duration"":""8""}",0,0,{},{}
528.png,853,"{""note"":""6"",""pitch"":""normal"",""duration"":""8""}",0,0,{},{}
529.png,779,"{""note"":""3"",""pitch"":""high"",""duration"":""4""}",0,0,{},{}
530.png,777,"{""note"":""dot"",""pitch"":""normal"",""duration"":""0""}",0,0,{},{}
531.png,740,"{""note"":""2"",""pitch"":""high"",""duration"":""8""}",0,0,{},{}
532.png,179,"{""note"":""|"",""pitch"":""normal"",""duration"":""0""}",0,0,{},{}
533.png,845,"{""note"":""3"",""pitch"":""high"",""duration"":""4""}",0,0,{},{}
534.png,891,"{""note"":""6"",""pitch"":""normal"",""duration"":""4""}",0,0,{},{}
535.png,414,"{""note"":""1"",""pitch"":""high"",""duration"":""4""}",0,0,{},{}
536.png,167,"{""note"":""|"",""pitch"":""normal"",""duration"":""0""}",0,0,{},{}
537.png,447,"{""note"":""1"",""pitch"":""high"",""duration"":""4""}",0,0,{},{}
538.png,247,"{""note"":""line"",""pitch"":""normal"",""duration"":""0""}",0,0,{},{}
539.png,262,"{""note"":""line"",""pitch"":""normal"",""duration"":""0""}",0,0,{},{}
540.png,399,"{""note"":""5"",""pitch"":""normal"",""duration"":""8""}",0,0,{},{}
541.png,730,"{""note"":""6"",""pitch"":""normal"",""duration"":""8""}",0,0,{},{}
542.png,744,"{""note"":""5"",""pitch"":""normal"",""duration"":""8""}",0,0,{},{}
543.png,632,"{""note"":""4"",""pitch"":""normal"",""duration"":""8""}",0,0,{},{}
544.png,814,"{""note"":""3"",""pitch"":""normal"",""duration"":""8""}",0,0,{},{}
545.png,418,"{""note"":""2"",""pitch"":""normal"",""duration"":""8""}",0,0,{},{}
546.png,160,"{""note"":""|"",""pitch"":""normal"",""duration"":""0""}",0,0,{},{}
547.png,231,"{""note"":""|"",""pitch"":""normal"",""duration"":""0""}",0,0,{},{}
548.png,373,"{""note"":""dot"",""pitch"":""normal"",""duration"":""0""}",0,0,{},{}
549.png,739,"{""note"":""5"",""pitch"":""low"",""duration"":""4""}",0,0,{},{}
550.png,522,"{""note"":""dot"",""pitch"":""normal"",""duration"":""0""}",0,0,{},{}
551.png,150,"{""note"":""|"",""pitch"":""normal"",""duration"":""0""}",0,0,{},{}
552.png,202,"{""note"":""1"",""pitch"":""normal"",""duration"":""8""}",0,0,{},{}
553.png,404,"{""note"":""3"",""pitch"":""normal"",""duration"":""8""}",0,0,{},{}
554.png,419,"{""note"":""1"",""pitch"":""high"",""duration"":""8""}",0,0,{},{}
555.png,524,"{""note"":""7"",""pitch"":""normal"",""duration"":""8""}",0,0,{},{}
556.png,421,"{""note"":""6"",""pitch"":""normal"",""duration"":""8""}",0,0,{},{}
557.png,657,"{""note"":""dot"",""pitch"":""normal"",""duration"":""0""}",0,0,{},{}
558.png,847,"{""note"":""3"",""pitch"":""normal"",""duration"":""16""}",0,0,{},{}
559.png,160,"{""note"":""|"",""pitch"":""normal"",""duration"":""0""}",0,0,{},{}
560.png,621,"{""note"":""5"",""pitch"":""normal"",""duration"":""4""}",0,0,{},{}
561.png,296,"{""note"":""dot"",""pitch"":""normal"",""duration"":""0""}",0,0,{},{}
562.png,647,"{""note"":""5"",""pitch"":""normal"",""duration"":""4""}",0,0,{},{}
563.png,245,"{""note"":""dot"",""pitch"":""normal"",""duration"":""0""}",0,0,{},{}
564.png,160,"{""note"":""|"",""pitch"":""normal"",""duration"":""0""}",0,0,{},{}
565.png,437,"{""note"":""6"",""pitch"":""normal"",""duration"":""8""}",0,0,{},{}
566.png,580,"{""note"":""7"",""pitch"":""normal"",""duration"":""8""}",0,0,{},{}
567.png,428,"{""note"":""6"",""pitch"":""normal"",""duration"":""8""}",0,0,{},{}
568.png,712,"{""note"":""5"",""pitch"":""normal"",""duration"":""8""}",0,0,{},{}
569.png,636,"{""note"":""4"",""pitch"":""normal"",""duration"":""8""}",0,0,{},{}
570.png,406,"{""note"":""3"",""pitch"":""normal"",""duration"":""8""}",0,0,{},{}
571.png,160,"{""note"":""|"",""pitch"":""normal"",""duration"":""0""}",0,0,{},{}
572.png,868,"{""note"":""2"",""pitch"":""normal"",""duration"":""4""}",0,0,{},{}
573.png,512,"{""note"":""dot"",""pitch"":""normal"",""duration"":""0""}",0,0,{},{}
574.png,906,"{""note"":""6"",""pitch"":""low"",""duration"":""4""}",0,0,{},{}
575.png,373,"{""note"":""dot"",""pitch"":""normal"",""duration"":""0""}",0,0,{},{}
576.png,183,"{""note"":""|"",""pitch"":""normal"",""duration"":""0""}",0,0,{},{}
577.png,599,"{""note"":""7"",""pitch"":""low"",""duration"":""8""}",0,0,{},{}
578.png,820,"{""note"":""6"",""pitch"":""low"",""duration"":""8""}",0,0,{},{}
579.png,701,"{""note"":""5"",""pitch"":""low"",""duration"":""8""}",0,0,{},{}
580.png,389,"{""note"":""5"",""pitch"":""normal"",""duration"":""8""}",0,0,{},{}
581.png,204,"{""note"":""1"",""pitch"":""normal"",""duration"":""8""}",0,0,{},{}
582.png,587,"{""note"":""dot"",""pitch"":""normal"",""duration"":""0""}",0,0,{},{}
583.png,750,"{""note"":""2"",""pitch"":""normal"",""duration"":""16""}",0,0,{},{}
584.png,181,"{""note"":""|"",""pitch"":""normal"",""duration"":""0""}",0,0,{},{}
585.png,757,"{""note"":""3"",""pitch"":""normal"",""duration"":""4""}",0,0,{},{}
586.png,298,"{""note"":""dot"",""pitch"":""normal"",""duration"":""0""}",0,0,{},{}
587.png,721,"{""note"":""3"",""pitch"":""normal"",""duration"":""4""}",0,0,{},{}
588.png,246,"{""note"":""dot"",""pitch"":""normal"",""duration"":""0""}",0,0,{},{}
589.png,168,"{""note"":""|"",""pitch"":""normal"",""duration"":""0""}",0,0,{},{}
590.png,433,"{""note"":""5"",""pitch"":""normal"",""duration"":""8""}",0,0,{},{}
591.png,438,"{""note"":""6"",""pitch"":""normal"",""duration"":""8""}",0,0,{},{}
592.png,430,"{""note"":""5"",""pitch"":""normal"",""duration"":""8""}",0,0,{},{}
593.png,352,"{""note"":""4"",""pitch"":""normal"",""duration"":""8""}",0,0,{},{}
594.png,391,"{""note"":""3"",""pitch"":""normal"",""duration"":""8""}",0,0,{},{}
595.png,395,"{""note"":""2"",""pitch"":""normal"",""duration"":""8""}",0,0,{},{}
596.png,168,"{""note"":""|"",""pitch"":""normal"",""duration"":""0""}",0,0,{},{}
597.png,241,"{""note"":""1"",""pitch"":""normal"",""duration"":""4""}",0,0,{},{}
598.png,577,"{""note"":""dot"",""pitch"":""normal"",""duration"":""0""}",0,0,{},{}
599.png,745,"{""note"":""5"",""pitch"":""low"",""duration"":""4""}",0,0,{},{}
600.png,374,"{""note"":""dot"",""pitch"":""normal"",""duration"":""0""}",0,0,{},{}
601.png,165,"{""note"":""|"",""pitch"":""normal"",""duration"":""0""}",0,0,{},{}
602.png,311,"{""note"":""1"",""pitch"":""normal"",""duration"":""4""}",0,0,{},{}
603.png,285,"{""note"":""dot"",""pitch"":""normal"",""duration"":""0""}",0,0,{},{}
604.png,343,"{""note"":""1"",""pitch"":""normal"",""duration"":""4""}",0,0,{},{}
605.png,288,"{""note"":""dot"",""pitch"":""normal"",""duration"":""0""}",0,0,{},{}
606.png,171,"{""note"":""|"",""pitch"":""normal"",""duration"":""0""}",0,0,{},{}
607.png,462,"{""note"":""1"",""pitch"":""high"",""duration"":""8""}",0,0,{},{}
609.png,718,"{""note"":""2"",""pitch"":""high"",""duration"":""8""}",0,0,{},{}
610.png,489,"{""note"":""1"",""pitch"":""high"",""duration"":""8""}",0,0,{},{}
611.png,877,"{""note"":""6"",""pitch"":""normal"",""duration"":""8""}",0,0,{},{}
612.png,171,"{""note"":""|"",""pitch"":""normal"",""duration"":""0""}",0,0,{},{}
613.png,598,"{""note"":""7"",""pitch"":""normal"",""duration"":""8""}",0,0,{},{}
614.png,860,"{""note"":""6"",""pitch"":""normal"",""duration"":""8""}",0,0,{},{}
615.png,552,"{""note"":""dot"",""pitch"":""normal"",""duration"":""0""}",0,0,{},{}
616.png,834,"{""note"":""3"",""pitch"":""normal"",""duration"":""16""}",0,0,{},{}
617.png,623,"{""note"":""5"",""pitch"":""normal"",""duration"":""4""}",0,0,{},{}
618.png,266,"{""note"":""dot"",""pitch"":""normal"",""duration"":""0""}",0,0,{},{}
619.png,680,"{""note"":""5"",""pitch"":""normal"",""duration"":""4""}",0,0,{},{}
620.png,258,"{""note"":""dot"",""pitch"":""normal"",""duration"":""0""}",0,0,{},{}
621.png,171,"{""note"":""|"",""pitch"":""normal"",""duration"":""0""}",0,0,{},{}
622.png,456,"{""note"":""1"",""pitch"":""high"",""duration"":""8""}",0,0,{},{}
623.png,748,"{""note"":""2"",""pitch"":""high"",""duration"":""8""}",0,0,{},{}
624.png,838,"{""note"":""3"",""pitch"":""high"",""duration"":""8""}",0,0,{},{}
625.png,728,"{""note"":""2"",""pitch"":""high"",""duration"":""8""}",0,0,{},{}
626.png,496,"{""note"":""1"",""pitch"":""high"",""duration"":""8""}",0,0,{},{}
627.png,902,"{""note"":""6"",""pitch"":""normal"",""duration"":""8""}",0,0,{},{}
628.png,171,"{""note"":""|"",""pitch"":""normal"",""duration"":""0""}",0,0,{},{}
629.png,315,"{""note"":""7"",""pitch"":""normal"",""duration"":""0""}",0,0,{},{}
630.png,744,"{""note"":""5"",""pitch"":""normal"",""duration"":""0""}",0,0,{},{}
631.png,613,"{""note"":""dot"",""pitch"":""normal"",""duration"":""0""}",0,0,{},{}
632.png,758,"{""note"":""3"",""pitch"":""normal"",""duration"":""16""}",0,0,{},{}
633.png,731,"{""note"":""6"",""pitch"":""normal"",""duration"":""4""}",0,0,{},{}
634.png,273,"{""note"":""dot"",""pitch"":""normal"",""duration"":""0""}",0,0,{},{}
635.png,717,"{""note"":""6"",""pitch"":""normal"",""duration"":""4""}",0,0,{},{}
636.png,275,"{""note"":""dot"",""pitch"":""normal"",""duration"":""0""}",0,0,{},{}
637.png,171,"{""note"":""|"",""pitch"":""normal"",""duration"":""0""}",0,0,{},{}
638.png,521,"{""note"":""6"",""pitch"":""normal"",""duration"":""8""}",0,0,{},{}
639.png,820,"{""note"":""6"",""pitch"":""normal"",""duration"":""16""}",0,0,{},{}
640.png,832,"{""note"":""6"",""pitch"":""normal"",""duration"":""16""}",0,0,{},{}
641.png,694,"{""note"":""6"",""pitch"":""normal"",""duration"":""16""}",0,0,{},{}
642.png,532,"{""note"":""7"",""pitch"":""normal"",""duration"":""8""}",0,0,{},{}
643.png,693,"{""note"":""5"",""pitch"":""normal"",""duration"":""16""}",0,0,{},{}
644.png,954,"{""note"":""3"",""pitch"":""normal"",""duration"":""4""}",0,0,{},{}
645.png,184,"{""note"":""line"",""pitch"":""normal"",""duration"":""0""}",0,0,{},{}
646.png,166,"{""note"":""|"",""pitch"":""normal"",""duration"":""0""}",0,0,{},{}
647.png,531,"{""note"":""3"",""pitch"":""normal"",""duration"":""8""}",0,0,{},{}
648.png,559,"{""note"":""dot"",""pitch"":""normal"",""duration"":""0""}",0,0,{},{}
649.png,854,"{""note"":""3"",""pitch"":""normal"",""duration"":""16""}",0,0,{},{}
650.png,506,"{""note"":""6"",""pitch"":""normal"",""duration"":""8""}",0,0,{},{}
651.png,517,"{""note"":""dot"",""pitch"":""normal"",""duration"":""0""}",0,0,{},{}
652.png,850,"{""note"":""3"",""pitch"":""normal"",""duration"":""16""}",0,0,{},{}
653.png,609,"{""note"":""2"",""pitch"":""normal"",""duration"":""16""}",0,0,{},{}
654.png,732,"{""note"":""3"",""pitch"":""normal"",""duration"":""16""}",0,0,{},{}
655.png,332,"{""note"":""1"",""pitch"":""normal"",""duration"":""8""}",0,0,{},{}
656.png,686,"{""note"":""0"",""pitch"":""normal"",""duration"":""4""}",0,0,{},{}
657.png,169,"{""note"":""|"",""pitch"":""normal"",""duration"":""0""}",0,0,{},{}
658.png,793,"{""note"":""2"",""pitch"":""normal"",""duration"":""8""}",0,0,{},{}
659.png,712,"{""note"":""2"",""pitch"":""normal"",""duration"":""16""}",0,0,{},{}
660.png,828,"{""note"":""3"",""pitch"":""normal"",""duration"":""16""}",0,0,{},{}
661.png,334,"{""note"":""1"",""pitch"":""normal"",""duration"":""8""}",0,0,{},{}
662.png,489,"{""note"":""dot"",""pitch"":""normal"",""duration"":""0""}",0,0,{},{}
663.png,761,"{""note"":""6"",""pitch"":""low"",""duration"":""16""}",0,0,{},{}
664.png,888,"{""note"":""3"",""pitch"":""normal"",""duration"":""4""}",0,0,{},{}
665.png,184,"{""note"":""line"",""pitch"":""normal"",""duration"":""0""}",0,0,{},{}
666.png,174,"{""note"":""|"",""pitch"":""normal"",""duration"":""0""}",0,0,{},{}
667.png,849,"{""note"":""3"",""pitch"":""normal"",""duration"":""8""}",0,0,{},{}
668.png,545,"{""note"":""dot"",""pitch"":""normal"",""duration"":""0""}",0,0,{},{}
669.png,839,"{""note"":""6"",""pitch"":""normal"",""duration"":""16""}",0,0,{},{}
670.png,825,"{""note"":""6"",""pitch"":""normal"",""duration"":""8""}",0,0,{},{}
671.png,735,"{""note"":""3"",""pitch"":""normal"",""duration"":""16""}",0,0,{},{}
672.png,635,"{""note"":""2"",""pitch"":""normal"",""duration"":""16""}",0,0,{},{}
673.png,307,"{""note"":""1"",""pitch"":""normal"",""duration"":""8""}",0,0,{},{}
674.png,221,"{""note"":""1"",""pitch"":""normal"",""duration"":""4""}",0,0,{},{}
675.png,687,"{""note"":""0"",""pitch"":""normal"",""duration"":""8""}",0,0,{},{}
676.png,174,"{""note"":""|"",""pitch"":""normal"",""duration"":""0""}",0,0,{},{}
677.png,664,"{""note"":""7"",""pitch"":""low"",""duration"":""16""}",0,0,{},{}
678.png,615,"{""note"":""7"",""pitch"":""low"",""duration"":""8""}",0,0,{},{}
679.png,894,"{""note"":""6"",""pitch"":""low"",""duration"":""16""}",0,0,{},{}
680.png,732,"{""note"":""2"",""pitch"":""normal"",""duration"":""8""}",0,0,{},{}
681.png,847,"{""note"":""3"",""pitch"":""normal"",""duration"":""16""}",0,0,{},{}
682.png,823,"{""note"":""3"",""pitch"":""normal"",""duration"":""16""}",0,0,{},{}
683.png,702,"{""note"":""5"",""pitch"":""normal"",""duration"":""8""}",0,0,{},{}
684.png,554,"{""note"":""dot"",""pitch"":""normal"",""duration"":""0""}",0,0,{},{}
685.png,805,"{""note"":""3"",""pitch"":""normal"",""duration"":""16""}",0,0,{},{}
686.png,719,"{""note"":""5"",""pitch"":""normal"",""duration"":""8""}",0,0,{},{}
687.png,895,"{""note"":""6"",""pitch"":""normal"",""duration"":""8""}",0,0,{},{}
688.png,162,"{""note"":""|"",""pitch"":""normal"",""duration"":""0""}",0,0,{},{}
689.png,439,"{""note"":""1"",""pitch"":""high"",""duration"":""8""}",0,0,{},{}
690.png,472,"{""note"":""dot"",""pitch"":""normal"",""duration"":""0""}",0,0,{},{}
691.png,463,"{""note"":""1"",""pitch"":""high"",""duration"":""16""}",0,0,{},{}
692.png,547,"{""note"":""7"",""pitch"":""normal"",""duration"":""8""}",0,0,{},{}
693.png,798,"{""note"":""6"",""pitch"":""normal"",""duration"":""8""}",0,0,{},{}
694.png,816,"{""note"":""5"",""pitch"":""normal"",""duration"":""8""}",0,0,{},{}
695.png,848,"{""note"":""6"",""pitch"":""normal"",""duration"":""16""}",0,0,{},{}
696.png,448,"{""note"":""1"",""pitch"":""high"",""duration"":""16""}",0,0,{},{}
697.png,743,"{""note"":""6"",""pitch"":""normal"",""duration"":""16""}",0,0,{},{}
698.png,794,"{""note"":""5"",""pitch"":""normal"",""duration"":""16""}",0,0,{},{}
699.png,673,"{""note"":""4"",""pitch"":""normal"",""duration"":""16""}",0,0,{},{}
700.png,835,"{""note"":""3"",""pitch"":""normal"",""duration"":""16""}",0,0,{},{}
701.png,184,"{""note"":""|"",""pitch"":""normal"",""duration"":""0""}",0,0,{},{}
702.png,864,"{""note"":""5"",""pitch"":""normal"",""duration"":""4""}",0,0,{},{}
703.png,226,"{""note"":""line"",""pitch"":""normal"",""duration"":""0""}",0,0,{},{}
704.png,190,"{""note"":""|"",""pitch"":""normal"",""duration"":""0""}",0,0,{},{}
705.png,761,"{""note"":""5"",""pitch"":""normal"",""duration"":""8""}",0,0,{},{}
706.png,752,"{""note"":""6"",""pitch"":""normal"",""duration"":""16""}",0,0,{},{}
707.png,439,"{""note"":""1"",""pitch"":""high"",""duration"":""16""}",0,0,{},{}
708.png,845,"{""note"":""6"",""pitch"":""normal"",""duration"":""16""}",0,0,{},{}
709.png,847,"{""note"":""5"",""pitch"":""normal"",""duration"":""16""}",0,0,{},{}
710.png,666,"{""note"":""4"",""pitch"":""normal"",""duration"":""16""}",0,0,{},{}
711.png,820,"{""note"":""3"",""pitch"":""normal"",""duration"":""16""}",0,0,{},{}
712.png,178,"{""note"":""|"",""pitch"":""normal"",""duration"":""0""}",0,0,{},{}
713.png,719,"{""note"":""2"",""pitch"":""normal"",""duration"":""8""}",0,0,{},{}
714.png,740,"{""note"":""0"",""pitch"":""normal"",""duration"":""16""}",0,0,{},{}
715.png,810,"{""note"":""5"",""pitch"":""normal"",""duration"":""16""}",0,0,{},{}
716.png,677,"{""note"":""2"",""pitch"":""normal"",""duration"":""8""}",0,0,{},{}
717.png,383,"{""note"":""1"",""pitch"":""normal"",""duration"":""8""}",0,0,{},{}
718.png,199,"{""note"":""|"",""pitch"":""normal"",""duration"":""0""}",0,0,{},{}
719.png,711,"{""note"":""2"",""pitch"":""normal"",""duration"":""16""}",0,0,{},{}
720.png,777,"{""note"":""3"",""pitch"":""normal"",""duration"":""16""}",0,0,{},{}
721.png,679,"{""note"":""2"",""pitch"":""normal"",""duration"":""16""}",0,0,{},{}
722.png,442,"{""note"":""1"",""pitch"":""normal"",""duration"":""16""}",0,0,{},{}
723.png,646,"{""note"":""7"",""pitch"":""low"",""duration"":""16""}",0,0,{},{}
724.png,891,"{""note"":""6"",""pitch"":""low"",""duration"":""16""}",0,0,{},{}
725.png,854,"{""note"":""5"",""pitch"":""low"",""duration"":""16""}",0,0,{},{}
726.png,796,"{""note"":""6"",""pitch"":""low"",""duration"":""16""}",0,0,{},{}
727.png,272,"{""note"":""|"",""pitch"":""normal"",""duration"":""0""}",0,0,{},{}
728.png,394,"{""note"":""1"",""pitch"":""high"",""duration"":""4""}",0,0,{},{}
729.png,567,"{""note"":""7"",""pitch"":""normal"",""duration"":""4""}",0,0,{},{}
730.png,952,"{""note"":""6"",""pitch"":""normal"",""duration"":""4""}",0,0,{},{}
731.png,149,"{""note"":""|"",""pitch"":""normal"",""duration"":""0""}",0,0,{},{}
732.png,948,"{""note"":""6"",""pitch"":""normal"",""duration"":""4""}",0,0,{},{}
733.png,193,"{""note"":""line"",""pitch"":""normal"",""duration"":""0""}",0,0,{},{}
734.png,848,"{""note"":""5"",""pitch"":""normal"",""duration"":""4""}",0,0,{},{}
735.png,149,"{""note"":""|"",""pitch"":""normal"",""duration"":""0""}",0,0,{},{}
736.png,845,"{""note"":""6"",""pitch"":""normal"",""duration"":""4""}",0,0,{},{}
737.png,193,"{""note"":""line"",""pitch"":""normal"",""duration"":""0""}",0,0,{},{}
738.png,193,"{""note"":""line"",""pitch"":""normal"",""duration"":""0""}",0,0,{},{}
739.png,156,"{""note"":""|"",""pitch"":""normal"",""duration"":""0""}",0,0,{},{}
740.png,872,"{""note"":""6"",""pitch"":""normal"",""duration"":""4""}",0,0,{},{}
741.png,193,"{""note"":""line"",""pitch"":""normal"",""duration"":""0""}",0,0,{},{}
742.png,728,"{""note"":""2"",""pitch"":""normal"",""duration"":""8""}",0,0,{},{}
743.png,882,"{""note"":""3"",""pitch"":""normal"",""duration"":""8""}",0,0,{},{}
744.png,423,"{""note"":""1"",""pitch"":""high"",""duration"":""8""}",0,0,{},{}
745.png,593,"{""note"":""7"",""pitch"":""normal"",""duration"":""8""}",0,0,{},{}
746.png,960,"{""note"":""6"",""pitch"":""normal"",""duration"":""8""}",0,0,{},{}
747.png,698,"{""note"":""5"",""pitch"":""normal"",""duration"":""8""}",0,0,{},{}
748.png,954,"{""note"":""6"",""pitch"":""normal"",""duration"":""8""}",0,0,{},{}
749.png,885,"{""note"":""3"",""pitch"":""normal"",""duration"":""8""}",0,0,{},{}
750.png,169,"{""note"":""|"",""pitch"":""normal"",""duration"":""0""}",0,0,{},{}
751.png,768,"{""note"":""5"",""pitch"":""normal"",""duration"":""8""}",0,0,{},{}
752.png,900,"{""note"":""3"",""pitch"":""normal"",""duration"":""8""}",0,0,{},{}
753.png,889,"{""note"":""3"",""pitch"":""normal"",""duration"":""8""}",0,0,{},{}
754.png,688,"{""note"":""2"",""pitch"":""normal"",""duration"":""8""}",0,0,{},{}
755.png,882,"{""note"":""3"",""pitch"":""normal"",""duration"":""8""}",0,0,{},{}
756.png,366,"{""note"":""1"",""pitch"":""normal"",""duration"":""8""}",0,0,{},{}
757.png,169,"{""note"":""|"",""pitch"":""normal"",""duration"":""0""}",0,0,{},{}
758.png,810,"{""note"":""2"",""pitch"":""normal"",""duration"":""4""}",0,0,{},{}
759.png,876,"{""note"":""3"",""pitch"":""normal"",""duration"":""4""}",0,0,{},{}
760.png,904,"{""note"":""6"",""pitch"":""low"",""duration"":""4""}",0,0,{},{}
761.png,169,"{""note"":""|"",""pitch"":""normal"",""duration"":""0""}",0,0,{},{}
762.png,599,"{""note"":""7"",""pitch"":""low"",""duration"":""4""}",0,0,{},{}
763.png,310,"{""note"":""1"",""pitch"":""normal"",""duration"":""4""}",0,0,{},{}
764.png,654,"{""note"":""7"",""pitch"":""low"",""duration"":""8""}",0,0,{},{}
765.png,906,"{""note"":""6"",""pitch"":""low"",""duration"":""8""}",0,0,{},{}
766.png,164,"{""note"":""|"",""pitch"":""normal"",""duration"":""0""}",0,0,{},{}
767.png,879,"{""note"":""6"",""pitch"":""normal"",""duration"":""16""}",0,0,{},{}
768.png,378,"{""note"":""1"",""pitch"":""normal"",""duration"":""16""}",0,0,{},{}
769.png,381,"{""note"":""1"",""pitch"":""normal"",""duration"":""16""}",0,0,{},{}
770.png,843,"{""note"":""6"",""pitch"":""normal"",""duration"":""16""}",0,0,{},{}
771.png,381,"{""note"":""1"",""pitch"":""normal"",""duration"":""16""}",0,0,{},{}
772.png,740,"{""note"":""2"",""pitch"":""normal"",""duration"":""8""}",0,0,{},{}
773.png,739,"{""note"":""5"",""pitch"":""normal"",""duration"":""16""}",0,0,{},{}
774.png,774,"{""note"":""3"",""pitch"":""normal"",""duration"":""16""}",0,0,{},{}
775.png,952,"{""note"":""3"",""pitch"":""normal"",""duration"":""4""}",0,0,{},{}
776.png,742,"{""note"":""0"",""pitch"":""normal"",""duration"":""8""}",0,0,{},{}
777.png,875,"{""note"":""3"",""pitch"":""normal"",""duration"":""16""}",0,0,{},{}
778.png,755,"{""note"":""5"",""pitch"":""normal"",""duration"":""16""}",0,0,{},{}
779.png,165,"{""note"":""|"",""pitch"":""normal"",""duration"":""0""}",0,0,{},{}
780.png,893,"{""note"":""6"",""pitch"":""normal"",""duration"":""8""}",0,0,{},{}
781.png,828,"{""note"":""6"",""pitch"":""normal"",""duration"":""16""}",0,0,{},{}
782.png,758,"{""note"":""5"",""pitch"":""normal"",""duration"":""16""}",0,0,{},{}
783.png,903,"{""note"":""3"",""pitch"":""normal"",""duration"":""8""}",0,0,{},{}
784.png,444,"{""note"":""dot"",""pitch"":""normal"",""duration"":""0""}",0,0,{},{}
785.png,866,"{""note"":""3"",""pitch"":""normal"",""duration"":""16""}",0,0,{},{}
786.png,331,"{""note"":""1"",""pitch"":""normal"",""duration"":""8""}",0,0,{},{}
787.png,676,"{""note"":""2"",""pitch"":""normal"",""duration"":""16""}",0,0,{},{}
788.png,795,"{""note"":""3"",""pitch"":""normal"",""duration"":""16""}",0,0,{},{}
789.png,812,"{""note"":""2"",""pitch"":""normal"",""duration"":""4""}",0,0,{},{}
790.png,165,"{""note"":""|"",""pitch"":""normal"",""duration"":""0""}",0,0,{},{}
791.png,747,"{""note"":""5"",""pitch"":""normal"",""duration"":""8""}",0,0,{},{}
792.png,874,"{""note"":""3"",""pitch"":""normal"",""duration"":""16""}",0,0,{},{}
793.png,696,"{""note"":""5"",""pitch"":""normal"",""duration"":""16""}",0,0,{},{}
794.png,690,"{""note"":""5"",""pitch"":""normal"",""duration"":""8""}",0,0,{},{}
795.png,700,"{""note"":""2"",""pitch"":""normal"",""duration"":""16""}",0,0,{},{}
796.png,788,"{""note"":""3"",""pitch"":""normal"",""duration"":""16""}",0,0,{},{}
797.png,883,"{""note"":""6"",""pitch"":""low"",""duration"":""4""}",0,0,{},{}
798.png,249,"{""note"":""1"",""pitch"":""normal"",""duration"":""8""}",0,0,{},{}
799.png,721,"{""note"":""2"",""pitch"":""normal"",""duration"":""16""}",0,0,{},{}
800.png,842,"{""note"":""3"",""pitch"":""normal"",""duration"":""16""}",0,0,{},{}
801.png,489,"{""note"":""2"",""pitch"":""normal"",""duration"":""8""}",0,0,{},{}
802.png,687,"{""note"":""2"",""pitch"":""normal"",""duration"":""16""}",0,0,{},{}
803.png,630,"{""note"":""7"",""pitch"":""low"",""duration"":""4""}",0,0,{},{}
804.png,278,"{""note"":""line"",""pitch"":""normal"",""duration"":""0""}",0,0,{},{}
805.png,170,"{""note"":""|"",""pitch"":""normal"",""duration"":""0""}",0,0,{},{}
806.png,704,"{""note"":""5"",""pitch"":""low"",""duration"":""16""}",0,0,{},{}
807.png,727,"{""note"":""5"",""pitch"":""low"",""duration"":""16""}",0,0,{},{}
808.png,777,"{""note"":""6"",""pitch"":""low"",""duration"":""16""}",0,0,{},{}
809.png,617,"{""note"":""7"",""pitch"":""low"",""duration"":""16""}",0,0,{},{}
810.png,512,"{""note"":""2"",""pitch"":""normal"",""duration"":""8""}",0,0,{},{}
811.png,385,"{""note"":""1"",""pitch"":""normal"",""duration"":""16""}",0,0,{},{}
812.png,770,"{""note"":""6"",""pitch"":""low"",""duration"":""4""}",0,0,{},{}
813.png,278,"{""note"":""line"",""pitch"":""normal"",""duration"":""0""}",0,0,{},{}
814.png,170,"{""note"":""|"",""pitch"":""normal"",""duration"":""0""}",0,0,{},{}
815.png,864,"{""note"":""6"",""pitch"":""low"",""duration"":""8""}",0,0,{},{}
816.png,830,"{""note"":""3"",""pitch"":""normal"",""duration"":""16""}",0,0,{},{}
817.png,738,"{""note"":""2"",""pitch"":""normal"",""duration"":""16""}",0,0,{},{}
818.png,549,"{""note"":""3"",""pitch"":""normal"",""duration"":""8""}",0,0,{},{}
819.png,406,"{""note"":""dot"",""pitch"":""normal"",""duration"":""0""}",0,0,{},{}
820.png,378,"{""note"":""1"",""pitch"":""normal"",""duration"":""16""}",0,0,{},{}
821.png,512,"{""note"":""2"",""pitch"":""normal"",""duration"":""8""}",0,0,{},{}
822.png,740,"{""note"":""2"",""pitch"":""normal"",""duration"":""16""}",0,0,{},{}
823.png,730,"{""note"":""3"",""pitch"":""normal"",""duration"":""16""}",0,0,{},{}
824.png,818,"{""note"":""6"",""pitch"":""low"",""duration"":""4""}",0,0,{},{}
825.png,170,"{""note"":""|"",""pitch"":""normal"",""duration"":""0""}",0,0,{},{}
826.png,486,"{""note"":""5"",""pitch"":""normal"",""duration"":""8""}",0,0,{},{}
827.png,768,"{""note"":""3"",""pitch"":""normal"",""duration"":""16""}",0,0,{},{}
828.png,717,"{""note"":""5"",""pitch"":""normal"",""duration"":""16""}",0,0,{},{}
829.png,694,"{""note"":""5"",""pitch"":""normal"",""duration"":""8""}",0,0,{},{}
830.png,562,"{""note"":""3"",""pitch"":""normal"",""duration"":""8""}",0,0,{},{}
831.png,464,"{""note"":""5"",""pitch"":""normal"",""duration"":""8""}",0,0,{},{}
832.png,787,"{""note"":""3"",""pitch"":""normal"",""duration"":""16""}",0,0,{},{}
833.png,681,"{""note"":""5"",""pitch"":""normal"",""duration"":""16""}",0,0,{},{}
834.png,721,"{""note"":""5"",""pitch"":""normal"",""duration"":""8""}",0,0,{},{}
835.png,368,"{""note"":""dot"",""pitch"":""normal"",""duration"":""0""}",0,0,{},{}
836.png,817,"{""note"":""3"",""pitch"":""high"",""duration"":""16""}",0,0,{},{}
837.png,171,"{""note"":""|"",""pitch"":""normal"",""duration"":""0""}",0,0,{},{}
838.png,755,"{""note"":""2"",""pitch"":""high"",""duration"":""4""}",0,0,{},{}
839.png,268,"{""note"":""line"",""pitch"":""normal"",""duration"":""0""}",0,0,{},{}
840.png,268,"{""note"":""line"",""pitch"":""normal"",""duration"":""0""}",0,0,{},{}
841.png,420,"{""note"":""0"",""pitch"":""normal"",""duration"":""8""}",0,0,{},{}
842.png,368,"{""note"":""dot"",""pitch"":""normal"",""duration"":""0""}",0,0,{},{}
843.png,564,"{""note"":""7"",""pitch"":""normal"",""duration"":""16""}",0,0,{},{}
844.png,171,"{""note"":""|"",""pitch"":""normal"",""duration"":""0""}",0,0,{},{}
845.png,416,"{""note"":""1"",""pitch"":""high"",""duration"":""8""}",0,0,{},{}
846.png,361,"{""note"":""7"",""pitch"":""normal"",""duration"":""8""}",0,0,{},{}
847.png,493,"{""note"":""1"",""pitch"":""high"",""duration"":""16""}",0,0,{},{}
848.png,379,"{""note"":""7"",""pitch"":""normal"",""duration"":""8""}",0,0,{},{}
849.png,360,"{""note"":""dot"",""pitch"":""normal"",""duration"":""0""}",0,0,{},{}
850.png,410,"{""note"":""1"",""pitch"":""high"",""duration"":""8""}",0,0,{},{}
851.png,553,"{""note"":""7"",""pitch"":""normal"",""duration"":""16""}",0,0,{},{}
852.png,484,"{""note"":""1"",""pitch"":""high"",""duration"":""16""}",0,0,{},{}
853.png,465,"{""note"":""1"",""pitch"":""high"",""duration"":""16""}",0,0,{},{}
854.png,826,"{""note"":""3"",""pitch"":""high"",""duration"":""8""}",0,0,{},{}
855.png,368,"{""note"":""dot"",""pitch"":""normal"",""duration"":""0""}",0,0,{},{}
856.png,171,"{""note"":""|"",""pitch"":""normal"",""duration"":""0""}",0,0,{},{}
857.png,659,"{""note"":""7"",""pitch"":""normal"",""duration"":""4""}",0,0,{},{}
858.png,268,"{""note"":""line"",""pitch"":""normal"",""duration"":""0""}",0,0,{},{}
859.png,368,"{""note"":""7"",""pitch"":""normal"",""duration"":""8""}",0,0,{},{}
860.png,421,"{""note"":""1"",""pitch"":""high"",""duration"":""8""}",0,0,{},{}
861.png,366,"{""note"":""7"",""pitch"":""normal"",""duration"":""8""}",0,0,{},{}
862.png,531,"{""note"":""6"",""pitch"":""normal"",""duration"":""8""}",0,0,{},{}
863.png,155,"{""note"":""|"",""pitch"":""normal"",""duration"":""0""}",0,0,{},{}
864.png,755,"{""note"":""2"",""pitch"":""high"",""duration"":""8""}",0,0,{},{}
865.png,384,"{""note"":""1"",""pitch"":""high"",""duration"":""4""}",0,0,{},{}
866.png,729,"{""note"":""5"",""pitch"":""normal"",""duration"":""8""}",0,0,{},{}
867.png,811,"{""note"":""3"",""pitch"":""high"",""duration"":""8""}",0,0,{},{}
868.png,851,"{""note"":""2"",""pitch"":""high"",""duration"":""4""}",0,0,{},{}
869.png,768,"{""note"":""5"",""pitch"":""high"",""duration"":""8""}",0,0,{},{}
870.png,156,"{""note"":""|"",""pitch"":""normal"",""duration"":""0""}",0,0,{},{}
871.png,785,"{""note"":""5"",""pitch"":""high"",""duration"":""8""}",0,0,{},{}
872.png,877,"{""note"":""3"",""pitch"":""high"",""duration"":""4""}",0,0,{},{}
873.png,774,"{""note"":""5"",""pitch"":""high"",""duration"":""8""}",0,0,{},{}
874.png,614,"{""note"":""7"",""pitch"":""high"",""duration"":""8""}",0,0,{},{}
875.png,361,"{""note"":""1"",""pitch"":""high"",""duration"":""4""}",0,0,{},{}
876.png,826,"{""note"":""3"",""pitch"":""high"",""duration"":""8""}",0,0,{},{}
877.png,169,"{""note"":""|"",""pitch"":""normal"",""duration"":""0""}",0,0,{},{}
878.png,878,"{""note"":""3"",""pitch"":""high"",""duration"":""8""}",0,0,{},{}
879.png,368,"{""note"":""1"",""pitch"":""high"",""duration"":""4""}",0,0,{},{}
880.png,794,"{""note"":""5"",""pitch"":""normal"",""duration"":""8""}",0,0,{},{}
881.png,777,"{""note"":""5"",""pitch"":""normal"",""duration"":""8""}",0,0,{},{}
882.png,839,"{""note"":""3"",""pitch"":""high"",""duration"":""16""}",0,0,{},{}
883.png,782,"{""note"":""2"",""pitch"":""high"",""duration"":""16""}",0,0,{},{}
884.png,779,"{""note"":""2"",""pitch"":""high"",""duration"":""8""}",0,0,{},{}
885.png,565,"{""note"":""7"",""pitch"":""normal"",""duration"":""8""}",0,0,{},{}
886.png,169,"{""note"":""|"",""pitch"":""normal"",""duration"":""0""}",0,0,{},{}
887.png,654,"{""note"":""4"",""pitch"":""high"",""duration"":""16""}",0,0,{},{}
888.png,814,"{""note"":""3"",""pitch"":""high"",""duration"":""16""}",0,0,{},{}
889.png,657,"{""note"":""4"",""pitch"":""high"",""duration"":""16""}",0,0,{},{}
890.png,851,"{""note"":""3"",""pitch"":""high"",""duration"":""16""}",0,0,{},{}
891.png,774,"{""note"":""3"",""pitch"":""high"",""duration"":""8""}",0,0,{},{}
892.png,376,"{""note"":""1"",""pitch"":""high"",""duration"":""8""}",0,0,{},{}
893.png,839,"{""note"":""6"",""pitch"":""normal"",""duration"":""4""}",0,0,{},{}
894.png,414,"{""note"":""1"",""pitch"":""high"",""duration"":""8""}",0,0,{},{}
895.png,718,"{""note"":""2"",""pitch"":""high"",""duration"":""8""}",0,0,{},{}
896.png,177,"{""note"":""|"",""pitch"":""normal"",""duration"":""0""}",0,0,{},{}
897.png,819,"{""note"":""3"",""pitch"":""high"",""duration"":""16""}",0,0,{},{}
898.png,718,"{""note"":""2"",""pitch"":""high"",""duration"":""16""}",0,0,{},{}
899.png,826,"{""note"":""3"",""pitch"":""high"",""duration"":""16""}",0,0,{},{}
900.png,737,"{""note"":""2"",""pitch"":""high"",""duration"":""16""}",0,0,{},{}
901.png,755,"{""note"":""3"",""pitch"":""high"",""duration"":""8""}",0,0,{},{}
902.png,754,"{""note"":""6"",""pitch"":""normal"",""duration"":""16""}",0,0,{},{}
903.png,534,"{""note"":""7"",""pitch"":""normal"",""duration"":""16""}",0,0,{},{}
904.png,794,"{""note"":""5"",""pitch"":""normal"",""duration"":""4""}",0,0,{},{}
905.png,396,"{""note"":""0"",""pitch"":""normal"",""duration"":""8""}",0,0,{},{}
906.png,390,"{""note"":""dot"",""pitch"":""normal"",""duration"":""0""}",0,0,{},{}
907.png,830,"{""note"":""3"",""pitch"":""normal"",""duration"":""16""}",0,0,{},{}
908.png,338,"{""note"":""1"",""pitch"":""normal"",""duration"":""8""}",0,0,{},{}
909.png,619,"{""note"":""7"",""pitch"":""low"",""duration"":""8""}",0,0,{},{}
910.png,346,"{""note"":""1"",""pitch"":""normal"",""duration"":""8""}",0,0,{},{}
911.png,831,"{""note"":""3"",""pitch"":""low"",""duration"":""8""}",0,0,{},{}
912.png,581,"{""note"":""7"",""pitch"":""low"",""duration"":""4""}",0,0,{},{}
913.png,613,"{""note"":""7"",""pitch"":""low"",""duration"":""4""}",0,0,{},{}
914.png,157,"{""note"":""|"",""pitch"":""normal"",""duration"":""0""}",0,0,{},{}
915.png,804,"{""note"":""6"",""pitch"":""low"",""duration"":""8""}",0,0,{},{}
916.png,809,"{""note"":""6"",""pitch"":""low"",""duration"":""8""}",0,0,{},{}
917.png,870,"{""note"":""6"",""pitch"":""low"",""duration"":""8""}",0,0,{},{}
918.png,716,"{""note"":""5"",""pitch"":""low"",""duration"":""16""}",0,0,{},{}
919.png,764,"{""note"":""6"",""pitch"":""low"",""duration"":""16""}",0,0,{},{}
920.png,734,"{""note"":""5"",""pitch"":""low"",""duration"":""4""}",0,0,{},{}
921.png,268,"{""note"":""line"",""pitch"":""normal"",""duration"":""0""}",0,0,{},{}
922.png,157,"{""note"":""|"",""pitch"":""normal"",""duration"":""0""}",0,0,{},{}
923.png,664,"{""note"":""4"",""pitch"":""low"",""duration"":""4""}",0,0,{},{}
924.png,349,"{""note"":""1"",""pitch"":""normal"",""duration"":""8""}",0,0,{},{}
925.png,344,"{""note"":""1"",""pitch"":""normal"",""duration"":""8""}",0,0,{},{}
926.png,591,"{""note"":""7"",""pitch"":""low"",""duration"":""4""}",0,0,{},{}
927.png,857,"{""note"":""6"",""pitch"":""low"",""duration"":""4""}",0,0,{},{}
928.png,241,"{""note"":""|"",""pitch"":""normal"",""duration"":""0""}",0,0,{},{}
929.png,750,"{""note"":""5"",""pitch"":""low"",""duration"":""8""}",0,0,{},{}
930.png,782,"{""note"":""5"",""pitch"":""low"",""duration"":""8""}",0,0,{},{}
931.png,770,"{""note"":""5"",""pitch"":""low"",""duration"":""8""}",0,0,{},{}
932.png,832,"{""note"":""6"",""pitch"":""low"",""duration"":""8""}",0,0,{},{}
933.png,611,"{""note"":""7"",""pitch"":""low"",""duration"":""4""}",0,0,{},{}
934.png,268,"{""note"":""line"",""pitch"":""normal"",""duration"":""0""}",0,0,{},{}
935.png,201,"{""note"":""|"",""pitch"":""normal"",""duration"":""0""}",0,0,{},{}
936.png,787,"{""note"":""3"",""pitch"":""normal"",""duration"":""16""}",0,0,{},{}
937.png,780,"{""note"":""5"",""pitch"":""normal"",""duration"":""8""}",0,0,{},{}
938.png,710,"{""note"":""5"",""pitch"":""normal"",""duration"":""16""}",0,0,{},{}
939.png,671,"{""note"":""5"",""pitch"":""normal"",""duration"":""4""}",0,0,{},{}
940.png,429,"{""note"":""0"",""pitch"":""normal"",""duration"":""8""}",0,0,{},{}
941.png,278,"{""note"":""1"",""pitch"":""normal"",""duration"":""8""}",0,0,{},{}
942.png,550,"{""note"":""3"",""pitch"":""normal"",""duration"":""8""}",0,0,{},{}
943.png,781,"{""note"":""5"",""pitch"":""normal"",""duration"":""8""}",0,0,{},{}
944.png,174,"{""note"":""|"",""pitch"":""normal"",""duration"":""0""}",0,0,{},{}
945.png,702,"{""note"":""5"",""pitch"":""normal"",""duration"":""8""}",0,0,{},{}
946.png,872,"{""note"":""6"",""pitch"":""normal"",""duration"":""16""}",0,0,{},{}
947.png,778,"{""note"":""6"",""pitch"":""normal"",""duration"":""16""}",0,0,{},{}
948.png,796,"{""note"":""6"",""pitch"":""normal"",""duration"":""16""}",0,0,{},{}
949.png,431,"{""note"":""1"",""pitch"":""high"",""duration"":""8""}",0,0,{},{}
950.png,467,"{""note"":""dot"",""pitch"":""normal"",""duration"":""0""}",0,0,{},{}
951.png,367,"{""note"":""7"",""pitch"":""normal"",""duration"":""8""}",0,0,{},{}
952.png,486,"{""note"":""1"",""pitch"":""high"",""duration"":""16""}",0,0,{},{}
953.png,694,"{""note"":""2"",""pitch"":""high"",""duration"":""16""}",0,0,{},{}
954.png,738,"{""note"":""2"",""pitch"":""high"",""duration"":""16""}",0,0,{},{}
955.png,378,"{""note"":""7"",""pitch"":""normal"",""duration"":""8""}",0,0,{},{}
956.png,430,"{""note"":""dot"",""pitch"":""normal"",""duration"":""0""}",0,0,{},{}
957.png,169,"{""note"":""|"",""pitch"":""normal"",""duration"":""0""}",0,0,{},{}
958.png,786,"{""note"":""6"",""pitch"":""normal"",""duration"":""8""}",0,0,{},{}
959.png,447,"{""note"":""dot"",""pitch"":""normal"",""duration"":""0""}",0,0,{},{}
960.png,763,"{""note"":""5"",""pitch"":""normal"",""duration"":""16""}",0,0,{},{}
961.png,798,"{""note"":""5"",""pitch"":""normal"",""duration"":""4""}",0,0,{},{}
962.png,447,"{""note"":""0"",""pitch"":""normal"",""duration"":""8""}",0,0,{},{}
963.png,409,"{""note"":""1"",""pitch"":""high"",""duration"":""8""}",0,0,{},{}
964.png,348,"{""note"":""7"",""pitch"":""normal"",""duration"":""8""}",0,0,{},{}
965.png,775,"{""note"":""5"",""pitch"":""normal"",""duration"":""8""}",0,0,{},{}
966.png,169,"{""note"":""|"",""pitch"":""normal"",""duration"":""0""}",0,0,{},{}
967.png,846,"{""note"":""3"",""pitch"":""high"",""duration"":""4""}",0,0,{},{}
968.png,831,"{""note"":""3"",""pitch"":""high"",""duration"":""16""}",0,0,{},{}
969.png,742,"{""note"":""5"",""pitch"":""high"",""duration"":""16""}",0,0,{},{}
970.png,822,"{""note"":""3"",""pitch"":""high"",""duration"":""16""}",0,0,{},{}
971.png,776,"{""note"":""5"",""pitch"":""high"",""duration"":""16""}",0,0,{},{}
972.png,871,"{""note"":""6"",""pitch"":""high"",""duration"":""4""}",0,0,{},{}
973.png,894,"{""note"":""6"",""pitch"":""high"",""duration"":""8""}",0,0,{},{}
974.png,908,"{""note"":""3"",""pitch"":""high"",""duration"":""8""}",0,0,{},{}
975.png,170,"{""note"":""|"",""pitch"":""normal"",""duration"":""0""}",0,0,{},{}
976.png,756,"{""note"":""2"",""pitch"":""high"",""duration"":""4""}",0,0,{},{}
977.png,984,"{""note"":""dot"",""pitch"":""normal"",""duration"":""0""}",0,0,{},{}
978.png,435,"{""note"":""1"",""pitch"":""high"",""duration"":""8""}",0,0,{},{}
979.png,637,"{""note"":""7"",""pitch"":""normal"",""duration"":""4""}",0,0,{},{}
980.png,792,"{""note"":""6"",""pitch"":""normal"",""duration"":""8""}",0,0,{},{}
981.png,580,"{""note"":""7"",""pitch"":""normal"",""duration"":""8""}",0,0,{},{}
982.png,179,"{""note"":""|"",""pitch"":""normal"",""duration"":""0""}",0,0,{},{}
983.png,364,"{""note"":""1"",""pitch"":""high"",""duration"":""4""}",0,0,{},{}
984.png,247,"{""note"":""line"",""pitch"":""normal"",""duration"":""0""}",0,0,{},{}
985.png,247,"{""note"":""line"",""pitch"":""normal"",""duration"":""0""}",0,0,{},{}
986.png,247,"{""note"":""line"",""pitch"":""normal"",""duration"":""0""}",0,0,{},{}
